FoodID,FoodCode,FoodDescription,FoodDescriptionF,FoodDateOfEntry,FoodDateOfPublication,FoodSourceID,FoodGroupID,CountryCode,ScientificName
232,232,"Babyfood, snack, biscuit, mixed grain","Aliments pour bébé, grignotises, biscuit, mélange de grains",2015-01-08,,38,3,,
283,283,"Babyfood, cereal, barley, with milk powder, dry","Bébé, céréale, orge, avec poudre de lait, sèche",2015-01-08,,38,3,,
285,285,"Babyfood, cereal, mixed grain, dry","Bébé, céréale, mélange de grains, sèche",2015-01-08,,38,3,,
286,286,"Babyfood, cereal, mixed grain, prepared with formula or breast milk","Bébé, céréale, mélange de grains, préparée avec préparation pour nourrissons ou lait maternel",2015-01-08,,38,3,,
287,287,"Babyfood, cereal, mixed grain, with milk powder and fruit, dry","Bébé, céréale, mélange de grains, avec poudre de lait et fruits, sèche",2015-01-08,,38,3,,
291,291,"Babyfood, cereal, oat, dry","Bébé, céréale, avoine, sèche",2015-01-08,,38,3,,
293,293,"Babyfood, cereal, rice, with milk powder and fruit, dry","Bébé, céréale, riz, avec poudre de lait et fruits, sèche",2015-01-08,,38,3,,
394,394,"Babyfood, cereal, rice, dry","Bébé, céréale, riz, sèche",2015-01-08,,38,3,,
5174,5174,"Babyfood, cereal, ready-to-eat, 'O' Shaped with whole milk","Bébé, céréale, prête-à-manger, en forme de 'O', avec lait entier",2015-01-08,,38,3,,
501773,6551,Zwieback,Zwieback,2015-01-08,,0,3,3217,
502112,6904,"Mushroom, shiitake, raw","Champignon, shiitake, cru",2011-02-02,,0,11,11238,
502113,6905,"Cereal, ready to eat, Cheerios: Oat Clusters Crunch, General Mills","Céréale, prête-à-manger, Cheerios: Pépites d'avoine croquantes, General Mills",2011-02-21,2011-02-17,38,8,,
502114,6906,"Cereal, ready to eat, Fibre 1: Honey Clusters, General Mills","Céréale, prête-à-manger, Fiber 1: grappes au miel, General Mills",2011-03-01,2011-02-17,38,8,,
502115,6907,"Cereal, ready to eat, Fibre 1: Raisin Bran Clusters, General Mills","Céréale, prête-à-manger, Fibre 1: Grappes au son et aux raisins secs, General Mills",2011-03-01,2011-02-17,38,8,,
502116,6908,"Cereal, ready to eat, French Toast Crunch, General Mills","Céréale, prête-a-manger, Croque pain doré, General Mills",2011-03-03,2011-02-17,38,8,,
502117,6909,"Cereal, ready to eat, Kashi: GoLean Crunch, Kashi","Céréale, prête-à-manger, Kashi: GoLean, Kashi",2011-03-03,2001-02-17,38,8,,
502118,6910,"Cereal, ready to eat, All Bran Strawberry Bites, Kellogg's","Céréale, prête-à-manger, All Bran bouchées aux fraises, Kellogg's",2011-03-03,2011-02-17,38,8,,
502120,6912,"Cereal, ready to eat, Special K: Almond Vanilla, Kellogg's","Céréale, prête-à-manger, Spécial K: Vanille et amandes, Kellogg's",2011-03-07,2011-02-17,38,8,,
502121,6913,"Cereal, ready to eat, Special K: Satisfaction, Kellogg's","Céréale, prête-à-manger, Spécial K: Satisfaction, Kellogg's",2011-03-07,2011-02-17,38,8,,
502123,6915,"Cereal, ready to eat, Corn Flakes: Frosted, Compliments","Céréale, prête-à-manger, Flocons de mais: givré, Compliments",2011-03-08,2011-02-17,38,8,,
502124,6916,"Cereal, ready to eat, Crispy Rice, Compliments","Céréale, prête-à-manger, Riz croustillant, Compliments",2011-03-08,2011-02-17,38,8,,
502125,6917,"Cereal, ready to eat, Maximum Raisin Bran Flakes, Compliments","Céréale, prête-à-manger, Flocons de son à l'avalanche de raisins sec, Compliments",2011-03-08,2011-02-17,38,8,,
502126,6918,"Meal replacement (cereal), ready to eat, Force Active, President's Choice","Substitut de repas (céréale, prête-à-manger, Force active, Choix du président",2011-03-08,2011-02-17,38,8,,
502127,6919,"Cereal, ready to  eat, On Track, President's Choice","Céréale-prête-à-manger, Victoire, Choix du président",2011-03-08,2011-02-17,38,8,,
502128,6920,"Cereal, ready to eat, Wheat Squares, Organics, President's Choice","Céréale, prête-à-manger, Carrés de blé, Biologique, Choix du Président",2011-03-10,2011-02-17,38,8,,
502129,6921,"Cereal, ready to eat, Puffed Wheat, Safeway","Céréale, prête-à-manger, Blé, Soufflé, Safeway",2011-03-10,2011-02-17,38,8,,
502130,6922,"Cereal, ready to eat, Honey Nut O's, Selection","Céréale, prête-à-manger, Avoine en O: miel et noix, Sélection merite",2011-03-10,2011-02-17,38,8,,
502131,6923,"Cereal, ready to eat, Corn Flakes, Selection","Céréale, prête-à-manger, Flocons de mais, Sélection merite",2011-03-10,2011-02-17,38,8,,
502132,6924,"Cereal, ready to eat, Toasted Oats, Selection","Céréale, prête-à-manger, Avoine grillée, Sélection merite",2011-03-10,2011-02-17,38,8,,
502133,6925,"Cereal, ready to eat, Muslix: Almond Raisin, Kellogg's","Céréale, prête-à-manger, Muesli: Raisins sec et amandes, Kellogg's",2011-03-29,2011-02-17,38,8,,
502134,6926,"Pork, composite cuts, leg, loin and shoulder, lean and fat, raw","Porc, coupes diverses, cuisse, longe et épaule, maigre et gras, crues",2011-05-25,,26,10,,
502135,6927,"Plantain, green, fried","Plantain, vert, frit",2011-07-21,,0,9,09446,
502136,6928,"Mushroom, Chanterelle, raw","Champignon, Chanterelle, cru",2011-07-28,,0,11,11239,Cantharellus californicus / cantharellus cibarius
502137,6929,"Mushroom, morel, raw","Champignon, morille, cru",2011-07-28,,0,11,11240,Morchella spp.
502138,6930,"Chinese dish, beef and vegetable, restaurant prepared","Mets chinois, boeuf et légumes, préparé au restaurant",2011-07-29,,0,22,36603,
502139,6931,"Lemon chicken, restaurant prepared","Poulet au citron, préparé au restaurant",2011-07-29,,0,22,36617,
502140,6932,"Fish, salmon, red (sockeye), native, filets with skin, smoked","Poisson, saumon, rouge (sockeye), autochtone, fillets avec peau, fumés",2011-07-29,,28,15,35190,
502141,6933,"Chinese dish, Kung Pao chicken, restaurant prepared","Mets chinois, poulet Kung Pao, préparé au restaurant",2011-07-29,,0,22,36619,
502142,6934,"Turnip, Prairie, native, raw","Navet des Prairies, autochtone, cru",2011-07-29,,28,11,35200,
502143,6935,"Turnip, Prairie, native, boiled","Navet des Prairies, autochtone, bouilli",2011-07-29,,28,11,35201,
502144,6936,"Stinging Nettles, native, blanched","Grande Ortie (ortie commune), autochtone, blanchie",2011-07-29,,28,11,35205,
502145,6937,"Papaya, canned, heavy syrup pack, drained","Papaye, conserve dans du sirop épais, drainé",2011-08-23,,0,9,09228,
502146,6938,"Tamale, corn","Tamale, maïs",2011-08-23,,0,22,36411,
502147,6939,"Tamale, pork","Tamale, porc",2011-08-23,,0,22,36412,
502148,6940,"Soup, black bean, ready-to-serve","Soupe aux haricots noirs, prête-à-servir",2011-08-23,,0,6,36413,
502150,6943,"Spinach, canned, solids and liquids, unsalted","Épinard, conserve, solides et liquide, sans sel",2011-10-07,,0,11,11855,
502151,6944,"Pork, composite cuts, leg, loin and shoulder, lean, raw","Porc, coupes diverses, cuisse, longe et épaule, maigre, crues",2011-11-18,,26,10,,
502152,6945,"Pork, composite cuts, leg, loin and shoulder, lean, cooked","Porc, coupes diverses, cuisse, longe et épaule, maigre, cuites",2011-11-22,,26,10,,
502153,6946,"Cream, 5%","Crème, 5%",2011-12-09,,24,1,,
502157,6948,"Yogourt, plain, fat free (0-0.5% MF)","Yogourt, nature, sans gras (0-0,5% M.G.)",2012-05-03,,38,1,,
502158,6949,"Yogourt, fruit flavoured, fat free (0-0.5% M.F.)","Yogourt, saveurs de fruits, sans gras (0-0,5% M.G.)",2012-05-07,,38,1,,
502159,6950,"Yogourt, vanilla flavoured, fat free (0-0.5% M.F.)","Yogourt, saveur de vanille, sans gras (0-0,5% M.G.)",2012-05-07,,38,1,,
502160,6951,"Yogourt, fruit flavoured, artificially sweetened, fat free (0-0.5% M.F.), with added Vitamin D","Yogourt, saveurs de fruits, avec édulcorant artificiel, sans gras (0-0,5% M.G.), avec vitamine D ajoutée",2012-05-07,,38,1,,
502161,6952,"Yogourt, vanilla flavoured, with artificial sweetener, fat free (0-0.5% M.F.), with added Vitamin D","Yogourt, saveur de vanille, avec édulcorant artificiel, sans gras (0-0,5% M.G.), avec vitamine D ajoutée",2012-05-07,,38,1,,
502162,6953,"Yogourt, fruit flavoured, fat free (0-0.5% M.F.), with added fibre and Vitamin D","Yogourt, saveurs de fruits, sans gras (0-0,5% M.G.), fibres et vitamine D ajoutées",2012-05-07,,38,1,,
502163,6954,"Yogourt, plain, low fat (0.5-1.9% M.F.)","Yogourt, nature, faible en gras (0,5-1,9% M.G.)",2012-05-07,,38,1,,
502164,6955,"Yogourt, fruit flavoured, low fat (0.5-1.9% M.F.)","Yogourt, saveurs de fruits, faible en gras (0,5-1,9% M.G.)",2012-05-07,,38,1,,
502165,6956,"Yogourt, vanilla flavoured, low fat (0.5-1.9% M.F.)","Yogourt, saveur de vanille, faible en gras (0,5-1,9% M.G.)",2012-05-07,,38,1,,
502167,6958,"Yogourt, fruit flavoured, low fat, with added omega-3 from flax (0.5-1.9% M.F.)","Yogourt, saveurs de fruits, faible en gras, oméga-3 (lin) ajouté (0,5-1,9% M.G.)",2012-05-07,,38,1,,
502168,6959,"Yogourt, plain, low fat, lactose reduced (0.5-1.9% M.F.)","Yogourt, nature, faible en gras, teneur réduite en lactose (0,5-1,9% M.G.)",2012-05-07,,38,1,,
502169,6960,"Yogourt, fruit flavoured, low fat, lactose reduced (0.5-1.9% M.F.)","Yogourt, saveurs de fruits, faible en gras, teneur réduite en lactose (0,5-1,9% M.G.)",2012-05-07,,38,1,,
502170,6961,"Yogourt, plain (2-3.9% M.F.)","Yogourt, nature (2-3,9% M.G.)",2012-05-07,,38,1,,
502171,6962,"Yogourt, plain, sweetened (2-3.9% M.F)","Yogourt, nature, sucré (2-3,9% M.G.)",2012-05-07,,38,1,,
502172,6963,"Yogourt, fruit flavoured (2-3.9% M.F.)","Yogourt, saveurs de fruits (2-3,9% M.G.)",2012-05-07,,38,1,,
502173,6964,"Yogourt, vanilla flavoured (2-3.9% M.F.)","Yogourt, saveur de vanille (2-3,9% M.G.)",2012-05-07,,38,1,,
502174,6965,"Yogourt, coffee flavoured (2-3.9% M.F.)","Yogourt, saveur de café (2-3,9% M.G.)",2012-05-07,,38,1,,
502176,6967,"Yogourt, fruit flavoured, with added fibre (2-3.9% M.F.)","Yogourt, saveurs de fruits, fibres ajoutées  (2-3,9% M.G.)",2012-05-07,,38,1,,
502178,6969,"Yogourt, fruit flavoured, with added calcium and vitamin D (2-3.9% M.F.)","Yogourt, saveurs de fruits, calcium et vitamine D ajoutés (2-3,9% M.G.)",2012-05-07,,38,1,,
502179,6970,"Yogourt, vanilla flavoured, with added calcium and vitamin D (2-3.9% M.F.)","Yogourt, saveur de vanille, calcium et vitamine D ajoutés (2-3,9% M.G.)",2012-05-07,,38,1,,
502180,6971,"Yogourt, plain, Balkan style (4-6% M.F.)","Yogourt, nature, type Balkan (4-6% M.G.)",2012-05-07,,38,1,,
502181,6972,"Yogourt, fruit flavoured, Balkan style (4-6% M.F.)","Yogourt, saveurs de fruits, type Balkan (4-6% M.G.)",2012-05-07,,38,1,,
502182,6973,"Yogourt, vanilla flavoured, Balkan style (4-6% M.F.)","Yogourt, saveur de vanille, type Balkan (4-6% M.G.)",2012-05-07,,38,1,,
502183,6974,"Yogourt, coffee flavoured, Balkan style (4-6% M.F.)","Yogourt, saveur de café, type Balkan (4-6% M.G.)",2012-05-07,,38,1,,
502184,6975,"Yogourt, plain, rich/Mediterranean style  (6-9% M.F.)","Yogourt, nature, riche/type méditerranéen  (6-9% M.G.)",2012-05-07,,38,1,,
502185,6976,"Yogourt, fruit flavoured, rich/Mediterranean style (6-9% M.F.)","Yogourt, saveurs de fruits, riche/type méditerranéen (6-9% M.G.)",2012-05-07,,38,1,,
502186,6977,"Yogourt, vanilla flavoured, rich/Mediterranean style (6-9% M.F.)","Yogourt, saveur de vanille, riche/type méditerranéen (6-9% M.G.)",2012-05-07,,38,1,,
502187,6978,"Yogourt, coffee flavoured, rich/Mediterranean style (6-9% M.F.)","Yogourt, saveur de café, riche/type méditerranéen  (6-9% M.G.)",2012-05-07,,38,1,,
502188,6979,"Yogourt, Greek style, plain, fat free (0-0.5% M.F.)","Yogourt, Grec, nature, sans gras (0-0,5% M.G.)",2012-05-07,,38,1,,
502189,6980,"Yogourt, Greek style, fruit flavoured, fat free (0-0.5% M.F.)","Yogourt, Grec, saveur de fruits, sans gras (0-0,5% M.G.)",2012-05-07,,38,1,,
502190,6981,"Yogourt, Greek style, vanilla flavoured, fat free (0-0.5% M.F.)","Yogourt, Grec, saveur de vanille, sans gras (0-0,5% M.G.)",2012-05-07,,38,1,,
502191,6982,"Yogourt, Greek style, plain, rich (8-12% M.F.)","Yogourt, Grec, nature, riche (8-12% M.G.)",2012-05-07,,38,1,,
502192,6983,"Yogourt, Greek style, sweetened, rich (8-12% M.F.) with Vitamin D added","Yogourt, Grec, sucré, riche (8-12% M.G.), vitamine D ajoutée",2012-05-07,,38,1,,
502193,6984,"Yogourt, goat, plain, with added fibre","Yogourt de chèvre, nature, fibres ajoutées",2012-05-07,,38,1,,
502194,6985,"Yogourt, goat, fruit flavoured, with added fibre","Yogourt de chèvre, saveurs de fruits, fibres ajoutées",2012-05-07,,38,1,,
502195,6986,"Yogourt, goat, vanilla flavoured, with added fibre","Yogourt de chèvre, saveur de vanille, fibres ajoutées",2012-05-07,,38,1,,
502196,6987,"Yogourt, soy, plain","Yogourt, soya, nature",2012-05-07,,38,1,,
502198,6989,"Yogourt, soy, fruit flavoured","Yogourt, soya, saveurs de fruits",2012-05-07,,38,1,,
502199,6990,"Yogourt, soy, fruit flavoured, with added fibre","Yogourt, soya, saveurs de fruits, fibres ajoutées",2012-05-07,,38,1,,
502201,6992,"Yogourt, soy, vanilla flavoured, with added fibre","Yogourt, soya, saveur de vanille, avec fibres ajoutées",2012-05-07,,38,1,,
502202,6993,"Yogourt beverage, fruit flavoured","Yogourt à boire, saveurs de fruits",2012-05-07,,38,1,,
502203,6994,"Yogourt beverage, vanilla flavoured","Yogourt à boire, saveur de vanille",2012-05-07,,38,1,,
502204,6995,"Yogourt, plain, fresh cheese-type (quark), fat free,  no salt added","Yogourt, nature, type du fromage frais (quark), sans gras, sans sel ajouté",2012-05-07,,38,1,,
502205,6996,"Yogourt, fruit flavoured, fresh cheese-type, miniature size, with added Vitamin D","Yogourt, saveurs de fruits, fromage frais, très petit format, vitamine D ajoutée",2012-05-07,,38,1,,
502206,6997,"Yogourt, with crunchy granola/cereal topping","Yogourt, garniture granola/céréales",2012-05-07,,38,1,,
502207,6998,"Yogourt, fruit flavoured, tubes, vitamin D added","Yogourt, saveurs de fruits, format tube, vitamine D ajoutée",2012-05-07,,38,1,,
502208,6999,"Kefir, plain, low fat (0.5-1.9% M.F.)","Kéfir, nature, faible en gras (0,5-1,9% M.G.)",2012-05-07,,38,1,,
502209,7000,"Kefir, fruit flavoured, low fat (0.5-1.9% M.F.)","Kéfir, saveurs de fruits, faible en gras (0,5-1,9% M.G.)",2012-05-07,,38,1,,
502211,7002,"Yogourt, fruit flavoured, low fat, with added vitamin D (0.5-1.9% M.F.)","Yogourt, saveurs de fruits, faible en gras, vitamine D ajoutée (0,5-1,9% M.G.)",2012-07-26,,38,1,,
502212,7004,"Babyfood, yogourt, fruit flavours, with added Vitamin D and DHA","Bébé, yogourt, saveurs de fruits, Vitamin D et DHA ajoutées",2012-07-26,,38,3,,
502213,7005,"Cheese, processed product, cheddar, slices","Produit de fromage fondu, cheddar, tranches",2012-08-07,,38,1,,
502214,7006,"Cheese, processed product, mozzarella, slices","Produit de fromage fondu, mozzarella, tranches",2012-08-07,,38,1,,
502215,7007,"Cheese, processed product, Swiss, slices","Produit de fromage fondu, suisse, tranches",2012-08-07,,38,1,,
502216,7008,"Cheese, processed product, cheddar, reduced fat, slices","Produit de fromage fondu, cheddar, teneur réduite en gras, tranches",2012-08-07,,38,1,,
502217,7009,"Cheese, processed product, cheddar, fat free, slices","Produit de fromage fondu, cheddar, sans gras, tranches",2012-08-07,,38,1,,
502218,7010,"Cheese, processed product, mozzarella, fat free, slices","Produit de fromage fondu, mozzarella, sans gras, tranches",2012-08-07,,38,1,,
502219,7011,"Cheese, processed product, Swiss, fat free, slices","Produit de fromage fondu, suisse, sans gras, tranches",2012-08-07,,38,1,,
502220,7012,"Cheese, processed product, cheddar, loaf","Produit de fromage fondu, cheddar, pain",2012-08-07,,38,1,,
502221,7013,"Cheese, processed product, cheddar, spread","Produit de fromage fondu, cheddar, à tartiner",2012-08-07,,38,1,,
502222,7014,"Cheese, processed product, cheddar, reduced fat, spread","Produit de fromage fondu, cheddar, teneur réduite en gras, à tartiner",2012-08-07,,38,1,,
502223,7017,"Melon, horned",Melon à cornes,2012-09-07,,0,9,09451,
502226,7020,"Sauce, sweet and sour, ready to serve","Sauce, aigre-douce, prête-à-servir",2012-09-14,,0,6,27050,
502228,7024,"Milk, fluid, buttermilk, cultured, whole","Babeurre, liquide, culture, entier",2012-10-02,,0,1,01230,
502229,7025,"Dessert, frozen yogourt, flavours not chocolate, skim milk, with artificial sweetener","Dessert, congelé, yogourt glacé, saveurs autres que chocolat, lait écrémé, édulcorant artificiel",2012-10-02,,0,19,01235,
502230,7028,"Dessert, frozen, ice cream, soft serve, chocolate","Dessert, glacé, crème glacée molle, chocolat",2012-10-02,,0,19,01236,
502231,7029,"Dessert, frozen, ice cream bar or stick, chocolate covered","Dessert, congelé, crème glacée, barre, enrobée de chocolat",2012-10-02,,0,19,01237,
502232,7030,"Dessert, frozen, ice cream sandwich","Dessert, congelé, sandwich à la crème glacée",2012-10-02,,0,19,01238,
502233,7031,"Dessert, frozen, ice cream cookie sandwich","Dessert congelé, sandwich à la crème glacée, biscuit",2012-10-04,,0,19,01239,
502234,7032,"Dessert, frozen, ice cream cone, chocolate covered, with nuts, flavours other than chocolate","Dessert congelé, cornet de crème glacée enrobé de chocolat, avec noix, saveurs autres que chocolat",2012-10-04,,0,19,01240,
502235,7033,"Dessert, frozen, ice cream sandwich, made with light ice cream, vanilla","Dessert congelé, sandwich à la crème glacée, crème glacée légère, vanille",2012-10-04,,0,19,01241,
502236,7034,"Chicken nuggets, dark and white meat, pre-cooked, frozen, not heated","Poulet, croquette, viande blanche et brune, précuite, congelée, non réchauffée",2012-10-05,,0,5,22974,
502237,7035,"Chicken nuggets, white meat, pre-cooked, frozen, not heated","Poulet, croquette, viande blanche, précuite, congelée, non réchauffée",2012-10-05,,0,5,22975,
502238,7036,"Ravioli, cheese and tomato sauce, frozen, not prepared","Ravioli, sauce aux tomates et fromage, congelé, non préparé",2012-10-05,,0,22,22976,
502239,7037,"Snacks, Clif bar, all flavours","Grignotises, Clif bar, toutes saveurs",2012-10-05,,0,25,25051,
502240,7038,"Dessert, frozen, ice cream, fat free, no sugar added, flavours other than chocolate","Dessert congelé, crème glacée, sans gras, sans sucre ajouté, saveurs autres que chocolat",2012-10-15,,0,19,01243,
502241,7039,"Soup, clam chowder, New England, ready-to-serve","Soupe, chaudrée de palourdes, Nouvelle-Angleterre, prête-à-servir",2012-10-15,,38,6,27042,
502242,7040,"Dessert, frozen, ice milk bar, low fat","Dessert, congelé, lait glacé, barre, faible en gras",2012-10-15,,0,19,01244,
502243,7041,"Cheese, Mexican blend","Fromage, mélange mexicain",2012-10-15,,0,1,01251,
502244,7042,"Soup, chicken noodle, ready-to-serve, reduced sodium","Soupe, poulet et nouilles, prête-à-servir, réduite en sodium",2012-10-15,,38,6,27044,
502245,7043,"Sauce, duck, ready-to-serve","Sauce, canard, prête-à-servir",2012-10-15,,0,6,27046,
502246,7044,"Sauce, salsa, verde, ready-to-serve","Sauce, salsa verde (verte), prête-à-servir",2012-10-15,,0,6,27047,
502247,7045,"Salad dressing, honey mustard, regular","Vinaigrette, moutarde au miel, régulière",2012-10-15,,0,4,04703,
502248,7046,"Salad dressing, poppyseed, creamy","Vinaigrette, graines de pavot, crémeuse",2012-10-16,,0,4,04704,
502249,7047,"Salad dressing, caesar, fat free","Vinaigrette, césar, sans gras",2012-10-16,,0,4,04705,
502250,7048,"Dip, cheese with chili peppers, ready-to-serve","Trempette au fromage avec piments forts du Chili, prête-à-servir",2012-10-16,,0,6,27052,
502251,7049,"Salad dressing, honey mustard, fat free","Vinaigrette, moutarde au miel, sans gras",2012-10-16,,0,4,04706,
502252,7050,"Vegetable oil, flaxseed, contains added sliced flaxseed","Huile végétale, graines de lin, contient des morceaux de graines de lin",2012-10-16,,0,4,04707,
502253,7051,Orange pineapple juice,"Jus, orange ananas",2012-10-16,,0,9,09452,
502254,7052,"Corn, sweet, canned, drained solids, rinsed","Maïs sucré, conserve, solides égouttés, rinsés",2012-10-16,,0,11,11177,
502255,7053,"Peas, green, canned, drained solids, rinsed","Pois, petits (verts), conserve, solides égouttés, rinsés",2012-10-16,,0,11,11311,
502256,7054,"Chinese dish, shrimp and vegetables, restaurant prepared","Mets chinois, crevettes et légumes, préparé au restaurant",2012-10-22,,0,22,36620,
502257,7055,"Drink, fruit flavour, vitamin C added, ready-to-drink","Boisson, saveur de fruits, vitamine C ajoutée, prête-à-boire",2012-10-22,,0,14,14646,
502258,7056,"Chinese dish, sweet and sour chicken, restaurant prepared","Mets chinois, poulet avec sauce aigre-douce, préparé au restaurant",2012-10-22,,0,22,36621,
502259,7057,"Tea, hibiscus",Tisane à l'hibiscus,2012-10-22,,0,14,14649,
502260,7059,"Chinese dish, sweet and sour pork, restaurant prepared","Mets chinois, porc avec sauce aigre-douce, préparé au restaurant",2012-10-22,,0,22,36622,
502261,7060,"Chickpeas (garbanzo beans, bengal gram), canned, drained solids","Pois chiches (garbanzo), conserve, égouttés",2012-10-23,,0,16,16358,
502262,7061,"Chickpeas (garbanzo beans, bengal gram), canned, drained, rinsed","Pois chiches (garbanzo), conserve, égouttés et rinsés",2012-10-23,,0,16,16359,
502264,7066,"Cracker, saltine (also oyster, soda, soup), whole wheat (includes multigrain)","Craquelin, salé (aussi huîtres, soda, soupe), blé entier (inclus multigrains)",2012-10-23,,0,18,18966,
502265,7067,"Bagel, whole-wheat (multigrain)","Bagel, blé entier (multigrain)",2012-10-24,,0,18,18968,
502266,7068,"Cream puff, eclair, custard or cream filled, with icing (frosting)","Chou à la crème, éclair, garni de crème pâtissière ou de crème, avec glaçage",2012-10-24,,0,18,18969,
502267,7069,"Snacks, fruit leather, pieces, vitamin C added","Grignotises, pâte de fruits déshydratée, bouchées, vitamine C ajoutée",2012-10-24,,4,25,19274,
502268,7070,"Juice drink, fruit, ready-to-drink","Boisson au jus de fruits, prête-à-boire",2012-10-24,,0,14,14651,
502269,7071,"Bread, cheese",Pain au fromage,2012-10-24,,0,18,18972,
502270,7073,"Bread, focaccia, Italian flatbread, plain","Pain, Focaccia, pain plat italien, nature",2012-10-24,,0,18,18973,
502271,7074,"Cracker, honey sesame","Craquelin, sésame et miel",2012-10-24,,0,25,18974,
502272,7075,"Drink, fruit flavour, powder, low calorie, vitamin C","Boisson, saveur de fruits, poudre, hypocalorique, vitamine C",2012-10-24,,0,14,14652,
502273,7076,"Cracker, 7 grain","Craquelin, 7 grains",2012-10-24,,0,18,18975,
502274,7078,"Fish, salmon, sockeye (red), canned, total can contents","Poisson, saumon, rouge (sockeye), conserve, tout le contenu de la boîte",2012-10-24,,0,15,15253,
502275,7077,"Cracker, cheese, Asiago","Craquelin, fromage asiago",2012-10-24,,0,18,18977,
502276,7079,"Cracker, roasted vegetable","Craquelin, légumes grillés",2012-10-24,,0,18,18981,
502277,7080,"Fish, salmon, sockeye (red), canned, drained solids, without skin and bones","Poisson, saumon, route (sockey), conserve, égoutté, sans peau et os",2012-10-25,,0,15,15264,
502278,7082,"Fish, salmon, pink, canned, drained solids, without skin and bones","Poisson, saumon, rose, conserve, égoutté, sans peau et os",2012-10-25,,0,15,15265,
502279,7081,"Beans, kidney, red, canned, drained solids","Haricots, rouges, conserve, égouttés",2012-10-25,,0,16,16145,
502280,7083,"Beans, pinto, canned, drained solids","Haricots, pinto, conserve, égouttés",2012-10-25,,0,16,16146,
502281,7084,"Sauce, cocktail, ready-to-serve","Sauce à cocktail, prête-à-servir",2012-10-25,,0,6,27051,
502282,7085,"Beans, kidney, red, canned, drained and rinsed","Haricots, rouges, conserve, égouttés et rincés",2012-10-25,,0,16,16335,
502283,7086,"Beans, pinto, canned, drained and rinsed","Haricots, pinto, conserve, égouttés et rincés",2012-10-25,,0,16,16345,
502284,7087,"Bread, garlic",Pain à l'ail,2012-10-25,,0,18,18963,
502285,7088,"Cinnamon bun, with icing (honey bun)","Brioche à la cannelle, avec glaçage (brioche au miel)",2012-10-25,,0,18,18964,
502286,7090,"Grains, wheat flour, whole-grain, soft wheat","Grains céréaliers, farine de blé à grains entiers, blé tendre",2012-10-26,,0,20,20649,
502287,7091,"Corn dog, wiener/sausage with cornflour coating, frozen, prepared","Saucisse avec enrobage de farine de maïs (saucisse sur bâtonnet), congelé, préparé",2012-10-26,,0,22,22973,
502288,7092,"Fast foods, pizza, sausage, regular crust","Aliments prêts à manger, pizza, saucisse, croûte régulière",2012-10-26,,0,21,21484,
502289,7093,Pulled pork in barbecue sauce,Porc effiloché dans une sauce barbecue,2012-10-26,,0,22,22972,
502290,7094,"Fast foods, pizza, sausage, thin crust","Aliments prêts à manger, pizza, saucisse, croûte mince",2012-10-26,,0,21,21483,
502291,7097,Potato salad with egg,"Salade de pommes de terre, avec oeufs",2012-10-26,,0,22,22971,
502292,7096,"Fast foods, pizza, pepperoni, thin crust","Aliments prêts à manger, pizza, pepperoni, croûte mince",2012-10-26,,0,21,21485,
502293,7099,"Macaroni and cheese, frozen","Macaroni au fromage, congelé",2012-10-26,,0,22,22970,
502294,7098,"Fast foods, mexican, taco with beef, cheese and lettuce, soft","Aliments prêts à manger, mexicain, taco avec boeuf, fromage et laitue, souple",2012-10-26,,0,21,21486,
502295,7100,"Fast foods, mexican, taco with chicken, cheese and lettuce, soft","Aliments prêts à manger, mexicain, taco avec poulet, fromage et laitue, souple",2012-10-26,,0,21,21487,
502296,7101,"Ravioli, meat-filled, with tomato or meat sauce, canned","Ravioli à la viande, avec sauce aux tomates ou à la viande, conserve",2012-10-26,,0,22,22900,
502297,7103,"Ravioli, cheese-filled, canned","Ravioli au fromage, conserve",2012-10-26,,0,22,22899,
502298,7102,"Fast food, quesadilla, chicken","Aliments prêts à manger, quesadilla au poulet",2012-10-26,,0,21,21488,
502299,7104,"Salad, grape and apple with yogourt and candied walnuts","Salade, raisins et pommes avec yogourt et noix de Grenobles confites",2012-10-26,,30,21,21489,
502328,7107,"Yogourt, vanilla flavoured, low fat, with added vitamin D (0.5-1.9% M.F.)","Yogourt, saveur de vanille, faible en gras, vitamin D ajoutées (0,5-1,9% M.G.)",2013-02-07,,38,1,,
502329,7110,"Yogourt, plain, fat free, with added Vitamin D (0-0.5% MF)","Yogourt, nature, sans gras, vitamine D ajoutée (0-0,5% M.G.)",2013-02-11,,38,1,,
502330,7111,"Yogourt, fruit flavoured, fat free, with added Vitamin D (0-0.5% M.F.)","Yogourt, saveurs de fruits, sans gras, vitamine D ajoutée (0-0,5% M.G.)",2013-02-12,,38,1,,
502331,7112,"Chicken tenders, breaded, frozen, prepared","Poulet, tendres de poulet, panés, congelés, cuits",2013-02-13,,0,22,22978,
502332,7113,"Yogourt, vanilla flavoured, fat free, with added Vitamin D and A (0-0.5% M.F.)","Yogourt, saveur de vanille, sans gras, vitamine D et A ajoutées (0-0,5% M.G.)",2013-02-13,,38,1,,
502333,7115,"Yogourt, fruit flavoured (2-3.9% M.F.), with added Vitamin D","Yogourt, saveurs de fruits (2-3,9 M.G.), vitamine D ajoutée",2013-02-14,,38,1,,
502334,7116,"Yogourt, vanilla flavoured, with added Vitamin D (2-3.9% M.F.)","Yogourt, saveur de vanille, vitamine D ajoutée (2-3,9% M.G.)",2013-02-14,,38,1,,
502335,7118,"Yogourt, soy, vanilla flavoured","Yogourt, soya, saveur de vanille",2013-02-15,,38,1,,
502336,7119,"Yogourt beverage, fruit flavoured, with added Vitamin D","Yogourt à boire, saveurs de fruits, vitamine D ajoutée",2013-02-15,,38,1,,
502337,7120,"Yogourt beverage, vanilla flavoured, with added Vitamin D","Yogourt à boire, saveur de vanille, vitamine D ajoutée",2013-02-15,,38,1,,
502338,7121,"Yogourt, goat, plain","Yogourt de chevre, nature",2013-03-19,,38,1,,
502339,7122,"Yogourt, goat, fruit flavoured","Yogourt de chèvre, saveurs de fruits",2013-03-20,,38,1,,
502340,7123,"Yogourt, goat, vanilla flavoured","Yogourt de chèvre, saveur de vanille",2013-03-20,,38,1,,
502341,7125,"Pear, Bartlett, raw","Poire, Bartlett, crue",2013-03-22,,0,9,09412,Pyrus communis
502342,7126,"Apple, Golden Delicious, raw, with skin","Pomme, Golden Delicious, crue, avec pelure",2013-03-25,,0,9,09501,
502343,7127,"Nuts, mixed nuts, oil roasted with peanuts, lightly salted","Noix, noix mélangées, rôties dans l'huile avec arachides, légèrement salées",2013-03-26,,0,12,12737,
502344,7128,"Nuts, mixed nuts, oil roasted without peanuts, lightly salted","Noix, noix mélangées, rôties dans l'huile sans arachides, légèrement salées",2013-03-26,,0,12,12738,
502345,7129,"Sweetener, syrup, agave","Édulcorant, sirop d'agave",2013-03-26,,0,19,19912,
502346,7130,"Pizza, cheese, thin crust, frozen, cooked","Pizza, fromage, croûte mince, congelée, cuite",2013-03-27,,0,21,21505,
502347,7131,"Grains, rice and vermicelli mix, chicken flavour, unprepared","Grains céréaliers, mélange de riz et vermicelles, saveur de poulet, non préparé",2013-04-03,,0,22,22998,
502348,7132,"Grains, rice and vermicelli mix, chicken flavour, prepared with margarine","Grains céréaliers, mélange de riz et vermicelles, saveur de poulet, préparé avec margarine",2013-04-03,,0,20,22999,
502349,7133,"Sauce, cheese and salsa, medium","Sauces, fromage et salsa, moyenne",2013-04-03,,0,6,27053,
502350,7134,"Seaweed, Canadian cultivated EMI-TSUNOMATA, dried","Algue canadienne, cultivée, EMI-TSUNOMATA, séchée",2013-04-03,,0,11,31019,
502351,7135,"Seaweed, Canadian cultivated EMI-TSUNOMATA, rehydrated","Algue canadienne, cultivée, EMI-TSUNOMATA, réhydratée",2013-04-03,,0,11,31020,
502352,7136,"Grains, rice and vermicelli mix, beef flavour, unprepared","Grains céréaliers, mélange de riz et vermicelles, saveur de boeuf, non préparé",2013-04-03,,0,20,32000,
502353,7137,"Grains, rice and vermicelli mix, beef flavour, prepared with margarine","Grains céréaliers, mélange de riz et vermicelles, saveur de boeuf, préparé avec margarine",2013-04-03,,0,20,32001,
502354,7138,"Grains, rice and vermicelli mix, pilaf flavour, unprepared","Grains céréaliers, mélange de riz et vermicelles, saveur pilaf, non préparé",2013-04-03,,0,20,32002,
502355,7139,"Grains, rice and vermicelli mix, pilaf flavour, prepared with margarine","Grains céréaliers, mélange de riz et vermicelles, saveur pilaf, préparé avec margarine",2013-04-03,,0,20,32003,
502356,7140,"Macaroni and cheese, box mix with cheese sauce, unprepared","Macaroni au fromage, mélange en boîte avec sauce au fromage, non préparé",2013-04-03,,0,22,32004,
502357,7141,"Macaroni and cheese, box mix with cheese sauce, prepared","Macaroni au fromage, mélange en boîte avec sauce au fromage, préparé",2013-04-03,,0,22,32005,
502358,7142,"Sweets, syrups, cane","Confiserie, sirop, canne à sucre",2013-04-04,,0,19,90480,
502359,7143,"Pork, cured, bacon, reduced sodium, raw","Porc, salé, bacon, réduit en sodium, cru",2013-04-04,,0,10,10994,
502360,7144,"Wiener (frankfurter), Bavarian",Saucisse fumée bavaroise,2013-05-07,,38,7,,
502361,7145,"Wiener (frankfurter), European",Saucisse fumée européenne,2013-05-10,,38,7,,
502362,7146,"Wiener (frankfurter), low fat","Saucisse fumée, faible en gras",2013-05-22,,38,7,42280,
502364,7147,"Deli-meat, bologna (baloney), mixed meats","Charcuterie, bologne, viandes mélangées",2013-06-25,,38,7,07008,
502366,7149,"Deli-meat, bologna (baloney), low fat","Charcuterie, bologne, faible en gras",2013-06-26,,38,7,42129,
502367,7150,"Deli-meat, ham, cooked, fat free, sliced","Charcuterie, jambon cuit, sans gras, tranché",2013-06-26,,38,7,07028,
502368,7151,"Deli-meat, black forest ham","Charcuterie, jambon Forêt Noire",2013-06-26,,38,7,07028,
502369,7152,"Deli-meat, prosciutto (cotto ham), extra lean","Charcuterie, prosciutto (cotto), extra maigre",2013-06-26,,38,7,,
502370,7153,"Deli-meat, corned beef, shaved","Charcuterie, boeuf salé ''corned beef'', fraisé",2013-06-26,,38,7,13347,
502371,7154,"Deli-meat, corned beef, extra lean, sliced","Charcuterie, boeuf salé ''corned beef'', extra maigre, tranché",2013-06-26,,38,7,13347,
502372,7155,"Deli-meat, Old fashioned smoked brisket, sliced","Charcuterie, pointe de poitrine fumée à l'ancienne, tranchée",2013-06-26,,38,7,,
502373,7156,"Deli-meat, Montreal smoked meat, extra lean","Charcuterie, viande fumée montréalaise, extra maigre",2013-06-26,,38,7,,
502374,7157,"Deli-meat, capicollo (cappocollo)","Charcuterie, capicollo",2013-06-26,,38,7,,
502375,7158,"Sausage, kielbasa (kolbassa)",Saucisse kielbasa (kolbassa),2013-06-26,,38,7,07037,
502376,7159,"Sausage, kielbasa (kolbassa), extra lean","Saucisse kielbasa (kolbassa), extra maigre",2013-06-26,,38,7,07934,
502377,7160,"Deli-meat, salami (Hungarian), pork and beef, cooked","Charcuterie, salami (Hongrois), porc et boeuf, cuit",2013-06-26,,38,7,07069,
502378,7161,"Deli-meat, salami (Genoa), dry cured","Charcuterie, salami (Genoa), salé à sec",2013-06-26,,38,7,07071,
502379,7162,"Deli-meat, summer sausage","Charcuterie, saucisson d'été",2013-06-26,,38,7,07078,
502380,7163,"Deli-meat, mortadella","Charcuterie, mortadelle",2013-06-26,,38,7,07050,
502381,7164,"Deli-meat, pepperoni","Charcuterie, pepperoni",2013-06-26,,38,7,07057,
502382,7165,"Deli-meat, pepperoni, turkey, reduced fat","Charcuterie, pepperoni, dinde, teneur réduite en gras",2013-06-26,,38,7,07278,
502384,7167,"Pâté, country style cognac, glazed","Pâté de campagne au cognac, givré",2013-06-26,,38,7,,
502385,7168,"Pâté, country style herb, glazed","Pâté de campagne aux fines herbes, givré",2013-06-26,,38,7,,
502386,7169,"Pâté, country style peppercorn, glazed","Pâté de campagne au poivre noir, givré",2013-06-26,,38,7,,
502387,7170,"Pâté, all flavours, reduced fat and sodium","Pâté, toutes saveurs, teneur réduite en gras et en sodium",2013-06-26,,38,7,,
502388,7171,"Cretons, veal",Cretons de veau,2013-06-26,,38,7,,
502391,7173,"Energy drink, coffee flavours","Boisson énergisante, saveur de café",2013-09-10,,38,14,,
502392,7174,"Energy drink, shot, sugar free","Boisson énergisante, dose énergisante (''energy shot''), sans sucre",2013-09-11,,38,14,,
502393,7175,"Energy drink, various flavours","Boisson énergisante, saveurs variées",2013-09-13,,38,14,,
502394,7176,"Energy drink, coffee flavours, light","Boisson énergisante, saveur de café, léger",2013-09-26,,38,14,,
502395,7177,"Energy drink, sugar free/low calorie","Boisson énergisante, sans sucre / hypocalorique",2013-09-26,,38,14,,
502396,7178,"Energy drink, with fruit juice","Boisson énergisante, avec jus de fruits",2013-09-27,,38,14,,
502397,7179,"Energy drink, caffeine free","Boisson énergisante, sans caféine",2013-09-30,,38,14,,
502398,7180,"Energy drink, tea flavoured","Boisson énergisante, saveur de thé",2013-09-30,,38,14,,
502399,7182,"Alcohol, energy drink (7% alcohol by volume)","Alcoolisé, boisson énergisante (7% alcool par volume)",2013-10-03,,38,14,,
502400,7184,"Energy drink, with electrolytes, sugar free/low calorie","Boisson énergisante, avec électrolytes, sans sucre/ hypocalorique",2013-10-09,,38,14,,
502401,7185,"Vitamin water, all flavours, sweetened","Eau vitaminée, toutes les saveurs, sucrée",2013-10-25,,38,14,,
502402,7186,"Vitamin water, all flavours, low Calorie","Eau vitaminée, toutes les saveurs, hypocalorique",2013-10-25,,38,14,,
502403,7187,"Vitamin water, lemon/orange flavours, sweetened","Eau vitaminée, saveur de citron/orange, sucrée",2013-10-25,,38,14,,
502404,7188,"Vitamin water, lemon/orange flavours, low Calorie","Eau vitaminée, saveur de citron/orange, hypocalorique",2013-10-25,,38,14,,
502405,7189,"Vitamin water, tropical citrus flavour, sweetened, with caffeine","Eau vitaminée, saveur citronée tropicale, sucrée, avec caféine",2013-10-25,,38,14,,
502406,7190,"Ham, flaked, canned","Jambon, flocons, conserve",2013-11-08,,23,7,07026,
502410,7191,"Vegetable oil, sunflower, mid-oleic","Huile végétale, tournesol, teneur moyenne en acide oléique",2014-01-06,,0,4,04642,
502411,7192,"Chinese dish, fried rice without meat, restaurant prepared","Mets chinois, riz frit sans viande, préparé au restaurant",2014-01-14,,0,22,36602,
502412,7193,"Bread, 60% whole wheat, commercial","Pain, 60% blé entier, commercial",2014-01-16,,38,18,,
502413,7194,"Bread, white, commercial, with added fibre","Pain, blanc, commercial, avec fibres ajoutées",2014-01-17,,38,18,,
502415,7196,"Bread, whole grain (whole-wheat), commercial","Pain, grains entiers (blé entier), commercial",2014-02-03,,38,18,18035,
502416,7197,"Bread, whole grain (whole-wheat) +seeds (flax, sunflower), commercial","Pain, grains entiers (blé entier) avec graines (lin, tournesol), commercial",2014-02-03,,38,18,18035,
502417,7198,"Bread, whole grain (whole-wheat), +seeds and bran, commercial","Pain, grains entiers (blé entier) avec graines et son, commercial",2014-02-03,,38,18,18035,
502418,7199,"Bread, whole grain (whole-wheat), with added fibre, commercial","Pain, grains entiers (blé entier), avec fibres ajoutées, commercial",2014-02-14,,38,18,18035,
502419,7200,"Bread, multigrain, commercial, reduced sodium","Pain, multigrains, commercial, réduit en sodium",2014-02-14,,38,18,18035,
502420,7201,"Dessert, frozen, ice cream, soft serve, chocolate, light","Dessert, glacé, crème glacée molle, chocolat, léger",2014-02-20,,0,19,01263,
502421,7202,"Dessert, frozen, ice cream bar, stick or nugget, with crunch coating","Dessert, congelé, crème glacée, barre ou pépites, enrobage croquant",2014-02-20,,0,19,01264,
502422,7203,"Seasoning mix, chili, dry mix","Assaisonnement, chili, mélange sec",2014-02-21,,0,2,02076,
502423,7204,"Babyfood, snack, biscuit, rice","Aliments pour bébé, grignotises, biscuit de riz",2014-02-21,,38,3,03997,
502424,7205,"Salad dressing, mayonnaise, with olive oil, reduced fat","Vinaigrette, mayonnaise huile d'olive, teneur réduite en gras",2014-02-21,,0,4,04708,
502425,7206,"Sauce, peanut (made from coconut, water, sugar, peanuts)","Sauce aux arachides (faite à partir de noix de coco, eau, sucre, arachides)",2014-02-21,,0,6,06618,
502426,7207,"Cereal, ready-to-eat, Krave, Kellogg's","Céréale, prête-à-manger, Krave, Kellogg's",2014-02-21,,6,8,08652,
502427,7208,"Cherries, tart, dried, sweetened","Cerises, séchées, sucrées",2014-02-21,,0,9,09044,
502428,7209,"Blueberry, dried, sweetened","Bleuet séché, sucré",2014-02-21,,0,9,09163,
502429,7210,"Cherry, sour, canned, water pack, drained","Cerise sure, conserve, dans l'eau, drainée",2014-02-21,,0,9,09362,
502430,7211,"Pear, red anjou, raw","Poire, anjou rouge, crue",2014-02-21,,0,9,09413,
502431,7212,"Pear, bosc, raw","Poire, bosc, crue",2014-02-21,,0,9,09414,
502432,7213,"Pear, green anjou, raw","Poire, anjou verte, crue",2014-02-24,,0,9,09415,
502433,7214,"Apple, Red Delicious, raw, with skin","Pomme, Red Delicious, crue, avec peau",2014-02-24,,0,9,09500,
502434,7215,"Apple, Granny Smith, raw, with skin","Pomme, Granny Smith, crue, avec pelure",2014-02-24,,0,9,09502,
502435,7216,"Apple, Gala, raw, with skin","Pomme, Gala, crue avec pelure",2014-02-24,,0,9,09503,
502436,7218,"Apple, Fuji, raw, with skin","Pomme, Fuji, crue avec pelure",2014-02-24,,0,9,09504,
502437,7219,"Pork, cured, back bacon, pan-fried","Porc, salé, bacon de dos, sauté",2014-02-24,,0,10,10998,
502438,7220,"Potato, roasted, frozen, unprepared","Pomme de terre, rôtie, congelée, non préparée",2014-02-24,,0,11,11361,
502439,7221,"Nuts, walnuts, glazed","Noix de Grenoble, givrées",2014-02-24,,0,12,12156,
502440,7223,"Nuts, almonds, oil roasted, smoke flavour, salt added","Noix, amandes, rôties dans l'huile, saveur de fumée, salées",2014-02-24,,0,12,12567,
502441,7224,"Beverage, coconut water, unsweetened, ready-to-drink","Boisson, eau de noix de coco, non sucrée, prête-à-boire",2014-02-24,,0,14,14090,
502442,7225,"Plant-based beverage, almond, enriched, sweetened, vanilla flavoured","Boisson à base de plantes, amande, enrichie, sucrée, saveur de vanille",2014-02-24,,1,14,14016,
502443,7226,"Plant-based beverage, almond, enriched, sweetened, chocolate flavoured","Boisson à base de plantes, amande, enrichie, sucrée, saveur de chocolat",2014-02-25,,1,14,14054,
502444,7228,"Beverage, protein drink, ready-to-drink, MUSCLE MLK, light","Boisson, boisson protéinée, prête-à-boire, MUSCLE MLK, léger",2014-03-03,,6,14,14036,
502445,7229,"Beverage, whey protein isolate, powder","Boisson, isolat de protéines de lactosérum, poudre",2014-03-03,,0,14,14058,
502446,7230,"Juice drink, orange, Calorie-reduced","Boisson au jus, orange, réduite en Calories",2014-03-03,,0,14,14064,
502447,7231,"Beverage, protein powder, whey based, powder","Boisson, poudre protéinée à base de lactosérum",2014-03-04,,0,14,14066,
502448,7232,"Plant-based beverage, protein powder, soy based, powder","Boisson à base de plantes, poudre protéinée à base de soya",2014-03-04,,0,14,14067,
502449,7233,"Beverages, high protein powder","Boisson, poudre élevée en protéine",2014-03-04,,0,14,14654,
502450,7234,"Fish, trout, brook, raw","Poisson, truite mouchetée, crue",2014-03-04,,0,15,15274,
502451,7235,"Beans, black, mature seeds, canned, solids and liquid, reduced sodium","Haricots, noirs, grains mûrs, conserve, solides et liquide, réduit en sodium",2014-03-04,,0,16,16316,
502452,7236,"Beans, great northern, canned, solids and liquid, reduced sodium","Haricots, ""Great Northern"", conserve, solides et liquide, réduit en sodium",2014-03-04,,0,16,16326,
502453,7237,"Vitamin water, flavours not lemon/orange, sweetened","Eau vitaminée, saveurs autres que citron/orange, sucrée",2014-03-05,,38,14,,
502454,7238,"Vitamin water, flavours not lemon/orange, low Calorie","Eau vitaminée, saveurs autres que citron/orange, hypocalorique",2014-03-05,,38,14,,
502458,7239,"Bread, spelt, commercial","Pain, épeautre, commercial",2014-03-11,,38,18,,
502461,7240,"Beans, kidney, red, canned, solids and liquid, reduced sodium","Haricots, rouges, conserve, solides et liquide, réduit en sodium",2014-03-13,,0,16,16337,
502462,7241,"Beans, pinto, canned, solids and liquid, reduced sodium","Haricots, pinto, conserve, solides et liquide, réduit en sodium",2014-03-13,,0,16,16347,
502463,7242,"Chickpeas (garbanzo beans, bengal gram), canned, solids and liquid, reduced sodium","Pois chiches (garbanzo), conserve, solides et liquide, réduit en sodium",2014-03-13,,0,16,16360,
502465,7243,"Refried beans, canned, reduced sodium","Haricots, sautés (frigoles refrits), conserve, réduit en sodium",2014-03-13,,0,16,16403,
502466,7244,"Soy sauce (made with hydrolyzed vegetable protein), reduced sodium","Soya, sauce (fait avec protéine végétale hydrolysée), réduite en sodium",2014-03-14,,0,16,16425,
502467,7245,"Sweetener, herbal extract powder from Stevia leaf","Édulcorant, poudre d'extrait de la feuille de Stevia",2014-03-14,,0,19,19918,
502468,7246,"Snacks, brown rice chips","Grignotises, croustilles de riz brun",2014-03-14,,0,25,25059,
502469,7247,"Snacks, pretzels, hard, chocolate coated","Grignotises, bretzels, durs, enrobés de chocolat",2014-03-14,,0,25,25060,
502470,7248,"Snacks, potato chips, lightly salted","Grignotises, croustilles de pommes de terre, légèrement salées",2014-03-14,,0,25,25064,
502471,7249,"Sauce, peanut (made from peanut butter, water, soy sauce)","Sauce aux arachides (faite à partir de beurre d'arachides, eau et sauce soya)",2014-03-14,,0,6,27059,
502472,7250,"Indian, bread, chapati or roti, whole-wheat","Indien, pain, chapati ou roti, blé entier",2014-03-14,,0,18,28285,
502473,7251,"Indian, bread, paratha, whole-wheat","Indien, pain, paratha, blé entier",2014-03-14,,0,18,28286,
502477,7252,"Indian, bread, naan, whole-wheat","Indien, pain, naan, blé entier",2014-03-14,,0,18,28287,
502479,7253,"Indian, bread, chapati or roti, plain","Indien, pain, chapati ou roti, nature",2014-03-14,,0,18,28306,
502480,7254,"Cookie, sandwich with peanut butter filling, chocolate coated","Biscuit, sandwich fourré au beurre d'arachides, enrobé de chocolat",2014-03-14,,0,18,28290,
502481,7255,"Cracker, multigrain","Craquelin, multigrains",2014-03-17,,0,18,28292,
502482,7256,"Cookie, butter or sugar, with chocolate icing or filling","Biscuit, au beurre ou au sucre, avec glaçage ou garniture au chocolat",2014-03-17,,0,18,28293,
502483,7257,"Cookie, chocolate, with icing or coating","Biscuit, chocolat, avec glaçage ou enrobage",2014-03-17,,0,18,28294,
502484,7258,"Tortilla, ready-to-bake / fry, whole-wheat","Tortilla, prêt-à-cuire /frire, blé entier",2014-03-17,,0,18,28295,
502485,7259,"Cookie, brownie, commercial, reduced fat","Biscuit, carré au chocolat, teneur réduite en gras",2014-03-17,,0,18,28298,
502486,7260,"Cookie, chocolate sandwich, cream filling, reduced fat","Biscuit, sandwich au chocolat, fourré de crème, teneur réduite en gras",2014-03-17,,0,18,28299,
502487,7261,"Cookie, oatmeal sandwich, cream filling","Biscuit, sandwich à l'avoine, fourré à la crème",2014-03-17,,0,18,28300,
502488,7262,"Cookie, graham cracker, plain or honey, low fat","Biscuit, graham, nature ou miel, faible en gras",2014-03-17,,0,18,28302,
502489,7263,"Cracker, cheese, whole-grain","Craquelin, fromage, grains entiers",2014-03-18,,0,18,28303,
502490,7264,"Sweet potato, french-fried, frozen, unprepared","Patate douce, frite, congelée, non préparée",2014-03-18,,0,11,31023,
502491,7265,"Sweet potato, french-fried, cross cut, frozen, unprepared","Patate douce, frite, coupe ondulée, congelée, non préparée",2014-03-18,,0,11,31024,
502492,7266,"Sweet potato puff, frozen, unprepared","Patate douce soufflée, congelée, non préparée",2014-03-18,,0,11,31025,
502493,7267,"Potato, french-fried, wedge cut, frozen, unprepared","Pomme de terre, frite, quartier, congelée, non préparée",2014-03-18,,0,11,31029,
502494,7268,"Potato, french-fried, cross cut, frozen, unprepared","Pomme de terre, frite, coupe ondulée, congelée, non préparée",2014-03-18,,0,11,31031,
502495,7269,"Taquito, chicken and cheese, frozen, heated in oven","Taquito, poulet et fromage, congelé, réchauffé au four",2014-03-18,,0,22,32006,
502496,7270,"Taquito, beef and cheese, frozen, heated in oven","Taquito, boeuf et fromage, congelé, réchauffé au four",2014-03-18,,0,22,32007,
502497,7271,"Pasta mix, classic cheeseburger macaroni, unprepared","Pâtes, mélange, macaroni boeuf et fromage classique, non préparé",2014-03-18,,0,22,32008,
502498,7272,"Pasta mix, classic beef, unprepared","Pâtes, boeuf classique, non préparé",2014-03-18,,0,22,32009,
502500,7273,"Pizza roll, frozen, unprepared","Pizza roulée, congelée, non préparée",2014-03-18,,0,22,32012,
502501,7274,"Potsticker or wonton, pork and vegetable, frozen, unprepared","Ravioli chinois ou wonton (potsticker), porc et légumes, congelé, non préparé",2014-03-18,,0,22,32013,
502502,7275,"Turnover, cheese-filled, tomato-based sauce, frozen, unprepared","Chausson au fromage et sauce tomates, congelé, non préparé",2014-03-19,,0,22,32015,
502503,7276,"Lasagna, cheese, frozen, unprepared","Lasagne au fromage, congelée, non préparée",2014-03-19,,0,22,32019,
502504,7277,"Chinese dish, chow mein, vegetable, without meat or noodles, restaurant prepared","Mets chinois, chow mein aux légumes, sans viande ni nouilles, préparé au restaurant",2014-03-19,,0,22,36624,
502505,7278,"Chinese dish, lo mein, vegetable, without meat, restaurant prepared","Mets chinois, lo mein aux légumes, sans viande, préparé au restaurant",2014-03-19,,0,22,36625,
502506,7279,"Chinese dish, chicken and vegetables, restaurant prepared","Mets chinois, poulet et légumes, préparé au restaurant",2014-03-20,,0,22,36626,
502507,7280,"Chinese dish, orange chicken, restaurant prepared","Mets chinois, poulet à l'orange, préparé au restaurant",2014-03-20,,0,22,36629,
502508,7281,"Coffee and cocoa (mocha) powder, with whitener and low calorie sweetener","Café et cacao (mocha), poudre, avec colorant à café et édulcorant",2014-03-20,,0,14,43343,
502510,7282,"Bread, sprouted wheat, commercial","Pain, blé germé, commercial",2014-03-27,,38,18,,
502512,7284,"Deli-meat, composite","Charcuterie, composite",2014-04-04,,38,7,,
502520,7285,"Deli-meat, ham, sliced, composite","Charcuterie, jambon, tranché, composite",2014-04-08,,38,7,,
502521,7287,"Deli-meat, bologna (baloney), composite","Charcuterie, bologne, composite",2014-04-08,,38,7,,
502522,7288,"Bread, sprouted wheat with added calcium and vitamin D, commercial","Pain, blé germé, calcium et vitamine D ajoutés, commercial",2014-04-09,,38,18,,
502523,7289,"Bread, oat (includes oatmeal and oat bran), commercial","Pain, avoine (inclut gruau et son d'avoine), commercial",2014-04-09,,38,18,18039,
502524,7291,"Bread, made with milk, commercial","Pain, préparé avec du lait, commercial",2014-04-09,,38,18,,
502525,7293,"Turnover, fruit (apple, berry, cherry, peach)","Chausson aux fruits, (pommes, petits fruits, cerises, pêches)",2014-04-14,,36,18,,
502526,7294,"Dessert, frozen, FUDGESICLE bar, no sugar added, with artificial sweetener","Dessert, congelé, barre FUDGESICLE, sans sucre ajouté, avec édulcorant",2014-04-16,,0,19,19871,
502527,7295,"Cookie, shortbread, plain, commercial, no sugar added, with artificial sweetener","Biscuit, sablé, nature, commercial, sans sucre ajouté, avec édulcorant",2014-04-16,,0,18,28229,
502531,7298,"Bread, 60% whole wheat, commercial, toasted","Pain, 60% blé entier, commercial, grillé",2014-06-06,,38,18,,
502532,7299,"Bread, white, commercial, with added fibre, toasted","Pain, blanc, commercial, avec fibres ajoutées, grillé",2014-06-06,,38,18,,
502533,7300,"Bread, whole grain (whole-wheat), commercial, toasted","Pain, grains entiers (blé entier), commercial, grillé",2014-06-06,,38,18,,
502536,7303,"Bread, whole grain (whole-wheat) + seeds (flax, sunflower), commercial, toasted","Pain, grains entiers (blé entier) avec graines (lin, tournesol), commercial, grillé",2014-06-06,,38,18,,
502537,7304,"Bread, whole grain (whole-wheat), +seeds and bran, commercial, toasted","Pain, grains entiers (blé entier) avec graines et son, commercial, grillé",2014-06-06,,38,18,,
502538,7305,"Bread, whole grain (whole-wheat), with added fibre, commercial, toasted","Pain, grains entiers (blé entier), avec fibres ajoutées, commercial, grillé",2014-06-06,,38,18,,
502539,7307,"Bread, multigrain, commercial, reduced sodium, toasted","Pain, multigrains, commercial, réduit en sodium, grillé",2014-06-06,,38,18,,
502540,7309,"Bread, spelt, commercial, toasted","Pain, épeautre, commercial, grillé",2014-06-06,,38,18,,
502541,7310,"Bread, sprouted wheat, commercial, toasted","Pain, blé germé, commercial, grillé",2014-06-06,,38,18,,
502542,7311,"Bread, sprouted wheat with added calcium and vitamin D, commercial, toasted","Pain, blé germé, calcium et vitamine D ajoutés, commercial, grillé",2014-06-06,,38,18,,
502543,7312,"Bread, oat (includes oatmeal and oat bran), commercial, toasted","Pain, avoine (inclut gruau et son d'avoine), commercial, grillé",2014-06-06,,38,18,,
502544,7313,"Bread, made with milk, commercial, toasted","Pain, préparé avec du lait, commercial, grillé",2014-06-06,,38,18,,
502545,7314,"Sausage, breakfast links or rounds, beef, raw","Saucisse à déjeuner, en chapelet ou en galette, boeuf, crue",2014-06-10,,38,7,07956,
502546,7315,"Sausage, breakfast links or rounds, pork, pre-cooked, reheated","Saucisse à déjeuner, en chapelet ou en galette, porc, pré-cuite, réchauffée",2014-06-17,,38,7,07957,
502547,7316,"Sausage, breakfast links or rounds, turkey, cooked","Saucisse à déjeuner, en chapelet ou en galette, dinde, cuite",2014-06-17,,38,7,,
502551,7317,"Sausage, chorizo, raw","Saucisse, chorizo, crue",2014-06-26,,38,7,,
502552,7318,"Sausage, chorizo, cooked","Saucisse, chorizo, cuite",2014-06-26,,38,7,,
502553,7319,"Sausage, Chorizo, semi-dried (Spanish style), cured","Saucisse, Chorizo, semi-sec (type espagnol), saumuré",2014-06-26,,38,7,,
502554,7321,"Chicken, broiler, breast, skinless, boneless, meat, braised","Poulet à griller, poitrine, sans la peau, désossée, viande, braisé",2014-07-02,,0,5,05746,
502555,7322,"Chicken, broiler, breast, skinless, boneless, meat, grilled","Poulet à griller, poitrine, sans la peau, désossée, viande, grillé",2014-07-02,,0,5,05747,
502557,7324,"Sausage, Chorizo, dry","Saucisse, chorizo, sèche",2014-07-03,,38,7,,
502558,7326,"Sausage, Oktoberfest, raw","Saucisse Oktoberfest, crue",2014-07-03,,38,7,,
502559,7327,"Sausage, Oktoberfest, cooked","Saucisse Oktoberfest, cuite",2014-07-03,,38,7,,
502560,7328,"Chicken, broiler, drumstick, meat, braised","Poulet à griller, pilon, viande, braisé",2014-07-03,,0,5,05671,
502561,7329,"Chicken, broiler, thigh, meat, braised","Poulet à griller, haut de cuisse, viande, braisé",2014-07-03,,0,5,05672,
502562,7330,"Chicken, broiler, thigh, meat and skin, braised","Poulet à griller, haut de cuisse, viande et peau, braisé",2014-07-03,,0,5,05677,
502564,7332,"Sausage, Italian, pork, reduced fat and sodium, raw","Saucisse italienne, porc, teneur réduite en gras et sodium, crue",2014-07-03,,38,7,07036,
502565,7333,"Sausage, Italian, pork, reduced fat and sodium, cooked","Saucisse italienne, porc, teneur réduite en gras et sodium, cuite",2014-07-03,,38,7,07089,
502566,7334,"Sausage, Italian, turkey, raw","Saucisse italienne, dinde, crue",2014-07-03,,38,7,07927,
502567,7335,"Sausage, Italian, turkey, cooked","Saucisse italienne, dinde, cuite",2014-07-03,,38,7,07927,
502568,7336,"Sausage, honey garlic, pork, raw","Saucisse, miel et ail, porc, crue",2014-07-03,,38,7,07063,
502569,7337,"Sausage, honey garlic, pork, cooked","Saucisse, miel et ail, porc, cuite",2014-07-04,,38,7,07064,
502570,7338,"Sausage, Bratwurst, pork, raw","Saucisse Bratwurst, porc, crue",2014-07-04,,38,7,07013,
502571,7339,"Sausage, blood sausage (Blood pudding), cooked","Saucisse, boudin, cuit",2014-07-10,,38,7,07005,
502572,7341,"Sausage, Polish, smoked, pre-cooked, reheated","Saucisse, saucisson polonais, fumé, pré-cuit, réchauffé",2014-07-11,,38,7,07916,
502573,7342,"Sausage, Merguez, lamb, raw","Saucisse merguez, agneau, crue",2014-07-11,,38,7,,
502574,7343,"Sausage, Merguez, lamb, cooked","Saucisse merguez, agneau, cuite",2014-07-11,,38,7,,
502575,7344,"Sausage, Knackwurst (Knockwurst), cooked","Saucisse knackwurst (knockwurst), cuite",2014-07-11,,38,7,07038,
502576,7345,"Meat stick, beef, refrigerated","Bâtonnet de viande, boeuf, réfrigéré",2014-07-11,,38,7,19407,
502577,7346,"Meat stick, mixed meats, refrigerated","Bâtonnet de viande, viandes mélangées, réfrigéré",2014-07-11,,38,7,19407,
502578,7347,"Meat stick, chicken/turkey, refrigerated","Bâtonnet de viande, poulet/dinde, réfrigéré",2014-07-14,,38,7,,
502579,7348,"Meat stick, pepperoni, refrigerated","Bâtonnet de viande, pepperoni, réfrigéré",2014-07-14,,38,7,19407,
502580,7349,"Meat stick, pepperoni, non-refrigerated","Bâtonnet de viande, pepperoni, non-réfrigéré",2014-07-14,,38,7,19407,
502582,7350,"Sausage, smoked, pork, pre-cooked, reheated","Saucisse, fumée, porc, pré-cuite, réchauffée",2014-07-14,,38,7,,
502584,7351,"Sausage, smoked, pork, pre-cooked, reheated, reduced fat","Saucisse, fumée, porc, pré-cuite, réchauffée, teneur réduite en gras",2014-07-14,,38,7,,
502586,7352,"Beef, chuck, short ribs, boneless, lean, 0mm trim, braised","Boeuf, épaule, bout-de-côte, désossé, maigre, 0mm paré, braisé",2014-07-15,,0,13,13982,
502587,7353,"Sausage, smoked, with cheddar cheese, pre-cooked, reheated","Saucisse, fumée, avec fromage cheddar, pré-cuite, réchauffée",2014-07-15,,38,7,,
502588,7355,"Sausage, smoked, with cheddar cheese, pre-cooked, reduced fat","Saucisse, fumée, avec fromage cheddar, pré-cuite, teneur réduite en gras",2014-07-15,,38,7,,
502589,7356,"Sausage, smoked, with cheddar cheese, pre-cooked, reheated, reduced fat","Saucisse, fumée, avec fromage cheddar, pré-cuite, réchauffée, teneur réduite en gras",2014-07-15,,38,7,,
502590,7357,"Sausage, smoked, honey garlic, pre-cooked","Saucisse, fumée, miel et ail, pré-cuite",2014-07-15,,38,7,,
502591,7354,"Beef, chuck, short ribs, boneless, lean, 0mm trim, raw","Boeuf, épaule, bout-de-côte, maigre, 0 mm paré, cru",2014-07-15,,0,13,23068,
502592,7358,"Beef, chuck, short ribs, boneless, lean and fat, 0mm trim, braised","Boeuf, épaule, bout-de-côte, désossé, maigre et gras, 0mm paré, braisé",2014-07-15,,0,13,23125,
502593,7359,"Sausage, smoked, honey garlic, pre-cooked, reheated","Saucisse, fumée, miel et ail, pré-cuite, réchauffée",2014-07-15,,38,7,,
502594,7360,"Beef, chuck, short ribs, boneless, lean and fat, 0mm trim, raw","Boeuf, épaule, bout-de-côte, désossé, maigre et gras, 0mm paré, cru",2014-07-15,,0,13,23128,
502595,7361,"Sausage, spicy beef and roasted red pepper, raw","Saucisse, épicée au boeuf et poivrons rouges rôtis, crue",2014-07-15,,38,7,,
502596,7362,"Sausage, spicy beef and roasted red pepper, cooked","Saucisse, épicée au boeuf et poivrons rouges rôtis, cuite",2014-07-15,,38,7,,
502622,7363,"Bread, italian, toasted","Pain Italien, grillé",2014-07-28,,38,18,,
502641,7364,"Yogourt, plain, rich/Mediterranean style  (6-9% M.F.), Vitamin D added","Yogourt, nature, riche/type méditerranéen  (6-9% M.G.), vitamine D ajoutée",2014-08-28,,38,1,,
502642,7365,"Soup (sauce), stock, cream, ready-to-serve","Soupe (sauce), bouillon, crème, prêt-à-servir",2014-08-29,,38,6,,
502643,7366,"Soup, beef barley, ready-to-serve","Soupe, boeuf et orge, prête-à-servir",2014-08-29,,38,6,06070,
502644,7367,"Soup, beef barley, ready-to-serve, reduced sodium","Soupe, boeuf et orge, prête-à-servir, réduite en sodium",2014-08-29,,38,6,06070,
502645,7368,"Soup, clam chowder, manhattan, ready-to-serve","Soupe, chaudrée de palourdes, prête-à-servir",2014-08-29,,0,6,06027,
502646,7369,"Soup, vegetable beef, ready-to-serve, Calorie-reduced","Soupe, légumes et boeuf, prête-à-servir, réduite en Calories",2014-08-29,,38,6,06070,
502647,7371,"Soup, broth, beef, ready-to-serve, reduced sodium","Soupe, bouillon, boeuf, prêt-à-servir, réduit en sodium",2014-08-29,,38,6,06008,
502648,7372,"Soup, broth, beef, ready-to-serve, no salt added","Soupe, bouillon, boeuf, prête-à-servir, sans sel ajouté",2014-08-29,,38,6,6008,
502649,7373,"Soup, split pea with ham, ready-to-serve, reduced sodium","Soupe, pois cassés avec jambon, prête-à-servir, réduite en sodium",2014-08-29,,38,6,,
502650,7374,"Soup, broth, vegetable, ready-to-serve","Soupe, bouillon, légumes, prête-à-servir",2014-08-29,,38,6,,
502651,7375,"Soup, butternut squash, ready-to-serve, reduced sodium","Soupe, courge musquée, prête-à-servir, réduite en sodium",2014-08-29,,38,6,,
502652,7376,"Soup, chicken noodle, canned, condensed, reduced sodium","Soupe, poulet et nouilles, conserve, condensée, réduite en sodium",2014-09-03,,38,6,,
502653,7377,"Soup, chicken noodle, canned, condensed, water added, reduced sodium","Soupe, poulet et nouilles, conserve, condensée, eau ajoutée, réduite en sodium",2014-09-03,,38,6,,
502654,7378,"Soup, broth, vegetable, ready-to-serve, reduced sodium","Soupe, bouillon, légumes, prêt-à-servir, réduit en sodium",2014-09-04,,38,6,,
502655,7379,"Soup, chicken rice, ready-to-serve, reduced sodium","Soupe, poulet et riz, prête-à-servir, réduite en sodium",2014-09-04,,38,6,,
502656,7380,"Babyfood, mixed fruit with oatmeal cereal, all stages","Bébé, fruits mélangés avec céréale à l'avoine, toutes les étapes",2014-09-04,,38,3,,
502657,7381,"Soup, clam chowder, New England, ready-to-serve, reduced sodium","Soupe, chaudrée de palourdes, prête-à-servir, réduite en sodium",2014-09-04,,38,6,,
502659,7383,"Soup, cream, broccoli, canned, condensed","Soupe, crème, brocoli, conserve, condensée",2014-09-04,,38,6,,
502660,7384,"Soup, cream, broccoli, canned, condensed, water added","Soupe, crème, brocoli, conserve, condensée, eau ajoutée",2014-09-05,,38,6,,
502661,7385,"Soup, cream, broccoli, canned, condensed, 2% M.F. milk added","Soupe, crème, brocoli, conserve, condensée, lait 2% M.G. ajouté",2014-09-05,,38,6,,
502662,7386,"Soup, cream, broccoli, canned, condensed, reduced fat","Soupe, crème, brocoli, conserve, condensée, réduite en gras",2014-09-05,,38,6,,
502663,7387,"Soup, cream, broccoli, canned, condensed, reduced fat, water added","Soupe, crème, brocoli, conserve, condensée, réduite en gras, eau ajoutée",2014-09-05,,38,6,,
502665,7389,"Soup, cream, celery, canned, condensed, reduced fat","Soupe, crème, céleri, conserve, condensée, réduite en gras",2014-09-08,,38,6,,
502666,7390,"Soup, cream, broccoli, canned, condensed, reduced fat, 2% M.F. milk added","Soupe, crème, brocoli, conserve, condensée, réduite en gras, lait 2% M.G. ajouté",2014-09-08,,38,6,,
502667,7391,"Soup, cream, chicken, canned, condensed, reduced fat","Soupe, crème, poulet, conserve, condensée, réduite en gras",2014-09-08,,38,6,,
502668,7392,"Soup, cream, chicken, canned, condensed, reduced fat, water added","Soupe, crème, poulet, conserve, condensée, réduite en gras, eau ajoutée",2014-09-08,,38,6,,
502669,7393,"Soup, cream, chicken, canned, condensed, reduced fat, 2% M.F. milk added","Soupe, crème, poulet, conserve, condensée, réduite en gras, lait 2% M.G. ajouté",2014-09-08,,38,6,,
502670,7394,"Soup, cream, chicken, ready-to-serve","Soupe, crème, poulet, prête-à-servir",2014-09-08,,38,6,,
502671,7395,"Soup, cream, mushroom, canned, condensed, reduced sodium, water added","Soupe, crème, champignons, conserve, condensée, réduite en sodium, eau ajoutée",2014-09-08,,38,6,,
502672,7396,"Soup, cream, mushroom, canned, condensed, reduced fat, 2% M.F. milk added","Soupe, crème, champignons, conserve, condensée, réduite en gras, lait 2% M.G. ajouté",2014-09-08,,38,6,,
502673,7397,"Soup, cream, mushroom, canned, condensed, reduced fat","Soupe, crème, champignons, conserve, condensée, réduite en gras",2014-09-09,,38,6,,
502674,7398,"Soup, cream, mushroom, canned, condensed, reduced sodium, 2% M.F. milk added","Soupe, crème, champignons, conserve, condensée, réduite en sodium, lait 2% M.G. ajouté",2014-09-09,,38,6,,
502675,7399,"Soup, cream, mushroom, ready-to-serve","Soupe, crème, champignons, prête-à-servir",2014-09-09,,38,6,,
502676,7400,"Soup, mushroom barley, ready-to-serve, low sodium","Soupe, champignons et orge, prête-à-servir, faible en sodium",2014-09-09,,38,6,,
502677,7401,"Soup, cream, potato, ready-to-serve","Soupe, crème, pommes de terre, prête-à-servir",2014-09-09,,38,6,,
502678,7402,"Soup, Italian wedding, ready-to-serve","Soupe, noces à l'italienne, prête-à-servir",2014-09-09,,38,6,,
502679,7403,"Soup, lentil, ready-to-serve","Soupe, lentilles, prête-à-manger",2014-09-09,,38,6,,
502680,7404,"Soup, cream, asparagus, ready-to-serve","Soupe, crème, asperges, prête-à-servir",2014-09-09,,38,6,,
502682,7406,"Soup, split pea, ready-to-serve","Soupe aux pois cassés, prête-à-servir",2014-09-09,,38,6,,
502683,7407,"Soup, tomato noodle, ready-to-serve","Soupe, tomates et nouilles, prête-à-servir",2014-09-09,,38,6,,
502684,7408,"Soup, tomato, canned, condensed, reduced sodium, water added","Soupe, tomates, conserve, condensée, réduite en sodium, eau ajoutée",2014-09-10,,38,6,,
502685,7409,"Soup, tomato, canned, condensed, reduced sodium, 2% M.F. milk added","Soupe, tomates, conserve, condensée, réduite en sodium, lait 2% M.G. ajouté",2014-09-10,,38,6,,
502686,7410,"Babyfood, juice, apple, all stages","Bébé, jus de pommes, toutes les étapes",2014-09-10,,38,3,03166,
502687,7411,"Babyfood, juice, apple and prune","Bébé, jus de pommes et de pruneaux",2014-09-10,,38,3,03171,
502688,7412,"Babyfood, juice, pear, all stages","Bébé, jus de poires, toutes les étapes",2014-09-10,,38,3,43408,
502689,7413,"Soup, tomato, ready-to-serve","Soupe, tomates, prête-à-servir",2014-09-10,,38,6,,
502690,7414,"Soup, tomato and red pepper, ready-to-serve, low sodium","Soupe, tomates et poivrons rouges, prête-à-servir, faible en sodium",2014-09-10,,38,6,,
502691,7415,"Soup, wonton (won ton), canned, ready-to-serve","Soupe, wonton (won ton), conserve, prête-à-servir",2014-09-10,,38,6,27002,
502692,7416,"Babyfood, meat, jarred and frozen, beef, puree","Bébé, viande, en pot et congelée, boeuf, purée",2014-09-10,,38,3,03002,
502693,7417,"Cereal, hot, cream of wheat, instant: whole grain, dry","Céréale, chaude, crème de blé, instantanée: blé entier, sèche",2014-09-11,,26,8,,
502694,7418,"Cereal, hot, cream of wheat, instant: whole grain, prepared with water","Céréale, chaude, crème de blé, instantanée: blé entier, préparée avec de l'eau",2014-09-11,,24,8,,
502695,7419,"Apple juice, canned or bottled, unsweetened, calcium and Vitamin C and D added","Jus de pommes, conserve ou bouteille, non sucré, calcium et vitamine C et D ajoutés",2014-09-22,,0,9,09517,
502696,7421,"Vegetable juice cocktail, canned, low sodium","Légumes, jus, cocktail, conserve, faible en sodium",2014-09-30,,6,11,11585,
502697,7422,"Spaghetti and meatballs, restaurant prepared","Spaghetti et boulettes de viande, préparation restaurant",2014-10-03,,0,22,36038,
502698,7423,"Goose, wild (Canada goose), native, breast, skinless, raw","Bernache du Canada (outarde), autochtone, poitrine, viande, crue",2014-10-15,,28,5,05111,
502699,7424,"Meatball, Italian style, frozen","Boulettes de viande, à l'italienne, congelées",2014-10-15,,0,22,07972,
502700,7425,"Orange juice, frozen concentrate, undiluted, with added calcium and Vitamin D","Jus d'orange, concentré, congelé, non dilué, calcium et vitamine D ajoutés",2014-10-15,,0,9,09213,
502701,7426,"Raspberry, frozen, unsweetened","Framboise, congelée, non sucrée",2014-10-16,,0,9,09518,
502702,7428,"Nuts, almonds, oil roasted, lightly salted","Noix, amandes, rôties dans l'huile, légèrement salées",2014-10-16,,0,12,12665,
502703,7429,"Carbonated drinks, lemon-lime soda, with caffeine","Boissons gazeuses, soda au citron et à la lime, avec caféine",2014-10-20,,0,14,14079,
502704,7430,"Quinoa burger patty, frozen","Quinoa, galette de hambourgeois, congelée",2014-10-20,,0,22,16610,
502705,7431,"Lamb, New Zealand, leg, chop / steak, lean, fast fried","Agneau, Nouvelle-Zélande, gigot, côtelette / steak, maigre, sauté rapidement dans l'huile",2014-10-20,,0,17,17400,
502706,7432,"Lamb, New Zealand, tenderloin, lean and fat, fast fried","Agneau, Nouvelle-Zélande, filet, maigre et gras, cuit rapidement dans l'huile",2014-10-20,,0,17,17418,
502707,7433,"Lamb, New Zealand, tenderloin, lean and fat, raw","Agneau, Nouvelle-Zélande, filet, maigre et gras, cru",2014-10-20,,0,17,17423,
502708,7434,"Lamb, New Zealand, tenderloin, lean, fast fried","Agneau, Nouvelle-Zélande, filet, maigre, cuit rapidement dans l'huile",2014-10-20,,0,17,17384,
502709,7435,"Lamb, New Zealand, tenderloin, lean, raw","Agneau, Nouvelle-Zélande, filet, maigre, cru",2014-10-20,,0,17,17385,
502710,7436,"Veal, foreshank, osso buco, lean, braised","Veau, jarret, osso buco, maigre, braisé",2014-10-20,,0,17,17429,
502711,7437,"Veal, foreshank, osso buco, lean and fat, braised","Veau, jarret, osso buco, maigre et gras, braisé",2014-10-20,,0,17,17436,
502712,7438,"Veal, ground, pan-fried","Veau, haché, sauté",2014-10-20,,0,17,17424,
502713,7439,"Fast food, biscuit","Aliments prêts à manger, biscuit poudre à pâte",2014-10-20,,0,21,21142,
502714,7440,"Cracker, standard snack-type, with whole-wheat","Craquelin, type collation, avec blé entier",2014-10-20,,0,18,28308,
502715,7441,"Rice, spanish rice mix, unprepared","Riz espagnol, mélange, non préparé",2014-10-22,,0,22,32018,
502716,7442,"Rice, spanish rice mix, prepared","Riz espagnol, mélange, préparé",2014-10-22,,0,22,32021,
502717,7443,Spaghetti with pomodoro sauce (tomato sauce),Spaghetti avec sauce aux tomates,2014-10-24,,0,22,36046,
502718,7444,Quesadilla with cheese,Quésadilla au fromage,2014-10-27,,0,22,36052,
502719,7445,"Ravioli, cheese-filled with marinara sauce",Ravioli au fromage avec sauce marinara,2014-10-27,,0,22,36055,
502720,7446,"Tamale, cheese","Tamale, fromage",2014-10-27,,0,22,36056,
502721,7447,Chicken parmesan,Poulet au parmesan,2014-10-27,,0,22,36059,
502722,7448,"Rice, Spanish rice",Riz espagnol,2014-10-27,,0,22,36417,
502723,7449,Refried beans,"Haricots, sautés (frigoles refrits)",2014-10-27,,0,16,36418,
502724,7450,"Soup, broth, chicken, canned, condensed, reduced sodium","Soupe, bouillon, poulet, conserve, condensée, réduite en sodium",2014-11-18,,38,6,06183,
502725,7451,"Soup, broth, chicken, canned, condensed, water added, reduced sodium","Soupe, bouillon, poulet, conserve, condensée, eau ajoutée, réduite en sodium",2014-11-18,,38,6,,
502727,7452,"Soup, cream, celery, canned, condensed, reduced fat, 2% M.F. milk added","Soupe, crème, céleri, conserve, condensée, réduite en gras, lait 2% M.G. ajouté",2014-11-19,,38,6,,
502728,7453,"Soup, cream, celery, canned, condensed, reduced fat, water added","Soupe, crème, céleri, conserve, condensée, réduite en gras, eau ajoutée",2014-11-19,,38,6,,
502729,7454,"Soup, cream, mushroom, canned, condensed, reduced fat, water added","Soupe, crème, champignons, conserve, condensée, réduite en gras, eau ajoutée",2014-11-19,,38,6,,
502730,7455,"Soup, broccoli cheese, canned, condensed, water added","Soupe, brocoli et fromage, conserve, condensée, eau ajoutée",2014-11-19,,0,6,,
502732,7456,"Babyfood, dinner, lamb with fruit","Bébé, dîner, agneau aux fruits",2014-12-04,,38,3,,
502742,7457,"Beverage mix, chocolate flavour, powder, no added sugar","Boisson, mélange à saveur, chocolat, poudre, sans sucre ajouté",2014-12-16,,0,14,14063,
502758,7458,"Margarine, stick, canola and/or soybean oil","Margarine, dure, huile de canola et/ou soya",2014-12-17,,38,4,04610,
502759,7459,"Margarine, stick, palm and soybean oils","Margarine, dure, huiles de palme et soya",2014-12-17,,38,4,4610,
502762,7460,"Margarine, tub, non-hydrogenated, soybean oil","Margarine, molle, non hydrogénée, huile de soya",2014-12-17,,38,4,4610,
502768,7463,"Margarine, tub, non-hydrogenated, canola oil (includes some sunflower oil)","Margarine, molle, non hydrogénée, huile de canola (incluant huile de tournesol)",2014-12-17,,38,4,4618,
502771,7464,"Margarine, tub, non-hydrogenated, canola oil, with plant sterols","Margarine, molle, non hydrogénée, huile de canola, avec stérols végétaux",2014-12-17,,38,4,4611,
502772,7465,"Margarine, tub, non-hydrogenated, canola oil (includes some sunflower oil) unsalted","Margarine, molle, non hydrogénée, huile de canola (incluant de l'huile de tournesol), non salée",2014-12-17,,38,4,4611,
502773,7466,"Margarine, tub, non-hydrogenated, canola oil (includes some sunflower oil), lactose free, vegan","Margarine, molle, non hydrogénée, huiles de canola (incluant de l'huile de tournesol), sans lactose, végétalienne",2014-12-17,,38,4,4611,
502774,7467,"Margarine, tub, non-hydrogenated, canola and fish oil","Margarine, molle, non hydrogénée, huiles de canola et de poisson",2014-12-17,,38,4,4611,
502776,7469,"Yogourt, Greek style, plain, 2% M.F.","Yogourt, Grec, nature, 2% M.G.",2014-12-17,,6,1,01276,
502777,7470,"Margarine, tub, non-hydrogenated, canola and olive oil","Margarine, molle, non hydrogénée, huiles de canola et olive",2014-12-17,,38,4,4611,
502778,7471,"Yogourt, Greek style, fruit flavoured, 2% M.F.","Yogourt grec, saveur de fruits, 2% M.G.",2014-12-17,,6,4,01276,
502779,7472,"Margarine, tub, non-hydrogenated, canola oil, with plant sterols, Calorie-reduced","Margarine, molle, non hydrogénée, huile de canola, avec stérols végétaux, réduite en Calories",2014-12-17,,38,4,4674,
502780,7473,"Margarine-like spread (including garlic flavoured), tub, non-hydrogenated, mixed vegetable oils, 68% fat","Margarine, tartinade, molle, non hydrogénée, huiles mélangées, 68% M.G.",2014-12-17,,38,4,4611,
502781,7474,"Margarine-like spread, tub, hydrogenated, canola and soybean oil, 50% fat","Margarine, tartinade, molle, hydrogénée, huiles de canola et soya, 50% M.G.",2014-12-17,,38,4,4630,
502782,7475,"Margarine, tub, non-hydrogenated, canola oil (includes some sunflower oil), Calorie-reduced","Margarine, molle, non hydrogénée, huile de canola (incluant de l'huile de tournesol), réduite en Calories",2014-12-17,,38,4,04674,
502783,7476,"Margarine, tub, non-hydrogenated, mixed vegetable oil, Calorie-reduced","Margarine, molle, non hydrogénée, huiles végétales mélangées, réduite en Calories",2014-12-17,,38,4,4674,
502784,7477,"Beverage mix, chocolate flavour, powder, no added sugar, with 2% M.F. milk","Boisson, mélange à saveur, chocolat, poudre, sans sucre ajouté, avec lait 2% M.G.",2014-12-17,,36,14,,
502787,7478,"Plant-based beverage, coconut, enriched, sweetened, all flavours","Boisson à base de plantes, noix de coco, enrichie, sucrée, toutes les saveurs",2014-12-23,,26,14,,
502788,7479,"Plant-based beverage, coconut, enriched, unsweetened","Boisson à base de plantes, noix de coco, enrichie, non sucrée",2014-12-23,,26,14,,
502789,7480,"Plant-based beverage, cashew, enriched, sweetened","Boisson à base de plantes, cajou, enrichie, sucrée",2014-12-23,,26,14,,
502803,7481,"Babyfood, dessert, jarred, custard (includes vanilla custard)","Bébé, dessert, en pot, pouding au lait ou costarde (incluant à la vanille)",2015-01-06,,38,3,03245,
502804,7482,"Babyfood, fruit, jarred, apple (applesauce), all stages","Bébé, fruits, en pot, pommes (compote), tous les stages",2015-01-06,,38,3,,
502816,7483,"Babyfood, fruit, jarred, banana, all stages","Bébé, fruits, en pot, bananes, toutes les étapes",2015-01-08,,38,3,,
502819,7484,"Babyfood, fruit, jarred, apple and berries (blueberries, raspberries or strawberries), all stages","Bébé, fruits, en pot, pommes et petits fruits (bleuets, framboises ou fraises), toutes les étapes",2015-01-08,,38,3,03164,
502821,7485,"Babyfood, fruit, jarred, apple and other fruit (plum, mango, kiwi, pear, banana, apricot and/or pineapple), all stages","Bébé, fruits, en pot, pommes et autres fruits (prune, mangue, kiwi, poire, banane, abricot et/ou ananas), toutes les étapes",2015-01-08,,38,3,,
502824,7486,"Babyfood, fruit, jarred, apricot and other fruit","Bébé, en pot, fruits, abricots et autres fruits",2015-01-08,,38,3,03142,
502825,7487,"Babyfood, fruit, jarred, banana and other fruit","Bébé, fruits, en pot, bananes et autres fruits",2015-01-08,,38,3,,
502827,7488,"Babyfood, fruit, jarred, mixed fruit","Bébé, fruits, en pot, fruits mélangés",2015-01-08,,38,3,,
502828,7489,"Babyfood, fruit, jarred, peach, all stages","Bébé, fruits, en pot, pêches, toutes les étapes",2015-01-08,,38,3,03130,
502829,7490,"Babyfood, fruit, jarred, pear, all stages","Bébé, fruits, en pot, poires, toutes les étapes",2015-01-08,,38,3,03132,
502830,7491,"Babyfood, fruit, jarred, prunes","Bébé, fruits, en pot, pruneaux",2015-01-08,,38,3,03139,
502831,7492,"Babyfood, dessert, jarred, strawberry","Bébé, dessert, en pot, fraises",2015-01-08,,38,3,,
502832,7494,"Babyfood, dessert, jarred, apricot, all stages","Bébé, dessert, en pot, abricots, toutes les étapes",2015-01-08,,38,3,03128,
502833,7495,"Babyfood, dessert, jarred, banana with coconut cream","Bébé, dessert, en pot, bananes avec crème de coco",2015-01-08,,38,3,,
502834,7496,"Babyfood, dessert, jarred, blueberry, all stages","Bébé, dessert, en pot, bleuets, toutes les étapes",2015-01-08,,38,3,,
502842,7497,"Babyfood, dessert, jarred, fruit","Bébé, dessert, en pot, fruits",2015-01-09,,38,3,03235,
502843,7498,"Babyfood, dessert, jarred, banana graham pie","Bébé, dessert, en pot, tarte graham aux bananes",2015-01-09,,38,3,,
502847,7499,"Babyfood, meat, jarred and frozen, chicken, puree","Bébé, viande, en pot et congelée, poulet, purée",2015-01-09,,38,3,03012,
502848,7500,"Babyfood, meat, lamb, puree","Bébé, viande, agneau, purée",2015-01-09,,38,3,03010,
502849,7501,"Babyfood, meat, pork, puree","Bébé, viande, porc, purée",2015-01-09,,38,3,03007,
502850,7503,"Babyfood, meat, turkey, puree","Bébé, viande, dinde, purée",2015-01-09,,38,3,03015,
502851,7504,"Babyfood, meat, veal, puree","Bébé, viande, veau, purée",2015-01-09,,38,3,03005,
502852,7505,"Babyfood, dinner, jarred or frozen, beef with vegetables, all stages","Bébé, diner, en pot ou congelé, boeuf et légumes, toutes les étapes",2015-01-12,,38,3,03055,
502853,7506,"Babyfood, dinner, jarred or frozen, beef with pasta and vegetables, all stages","Bébé, diner, en pot ou congelé, boeuf avec pâtes et légumes, toutes les étapes",2015-01-12,,38,3,,
502854,7507,"Babyfood, dinner, jarred or frozen, chicken with vegetables, all stages","Bébé, diner, en pot ou congelé, poulet avec légumes, toutes les étapes",2015-01-12,,38,3,03073,
502855,7508,"Babyfood, dinner, jarred or frozen, chicken with rice or barley and vegetables, all stages","Bébé, diner, en pot ou congelé, poulet avec riz ou orge et légumes, toutes les étapes",2015-01-12,,38,3,,
502856,7509,"Babyfood, dinner, jarred, chicken with pasta and vegetables, all stages","Bébé, dîner, en pot, poulet avec pâtes et légumes, toutes les étapes",2015-01-12,,38,3,03076,
502857,7510,"Babyfood, dinner, jarred, chicken with cheese pasta and vegetables, all stages","Bébé, dîner, en pot, poulet avec pâtes au fromage et légumes, toutes les étapes",2015-01-12,,38,3,,
502859,7512,"Babyfood, dinner, jarred, chicken with vegetables and fruit","Bébé, dîner, en pot, poulet avec légumes et fruits",2015-01-12,,38,3,,
502860,7513,"Babyfood, dinner, jarred, pork with vegetables and fruit","Bébé, dîner, en pot, porc avec légumes et fruits",2015-01-12,,38,3,,
502861,7514,"Babyfood, dinner, jarred, turkey with vegetables, all stages","Bébé, dîner, en pot, dinde avec légumes, toutes les étapes",2015-01-12,,38,3,03085,
502862,7515,"Babyfood, dinner, jarred or frozen, turkey with rice or barley and vegetables, all stages","Bébé, dîner, en pot ou congelé, dinde avec riz ou orge et légumes, toutes les étapes",2015-01-12,,38,3,03296,
502863,7516,"Babyfood, dinner, veal with vegetables and barley","Bébé, dîner, veau avec légumes et orge",2015-01-12,,38,3,,
502864,7517,"Babyfood, dinner, jarred, pasta with vegetables","Bébé, dîner, en pot, pâtes avec légumes",2015-01-12,,38,3,03077,
502865,7518,"Babyfood, dinner, jarred, pasta with cheese and vegetables","Bébé, dîner, en pot, pâtes avec fromage et légumes",2015-01-12,,38,3,,
502866,7519,"Babyfood, vegetables, jarred, carrots, all stages","Bébé, légumes, en pot, carottes, toutes les étapes",2015-01-12,,38,3,,
502867,7520,"Babyfood, vegetables, jarred, creamed corn","Bébé, légumes, en pot, maïs en crème",2015-01-12,,38,3,03119,
502868,7521,"Babyfood, vegetables, jarred, green beans, all stages","Bébé, légumes, en pot, haricots verts, toutes les étapes",2015-01-12,,38,3,03091,
502869,7522,"Babyfood, vegetables, jarred, mixed vegetables, all stages","Bébé, légumes, en pot, légumes mélangés, toutes les étapes",2015-01-12,,38,3,03286,
502870,7523,"Babyfood, vegetables, peas and carrots, all stages","Bébé, légumes, pois et carottes, toutes les étapes",2015-01-12,,38,3,,
502871,7524,"Babyfood, vegetables, jarred, peas, all stages","Bébé, légumes, en pot, pois, toutes les étapes",2015-01-12,,38,3,03121,
502872,7525,"Babyfood, vegetables, jarred, squash, all stages","Bébé, légumes, en pot, courge, toutes les étapes",2015-01-12,,38,3,03104,
502873,7526,"Babyfood, vegetables, jarred, sweet potato, all stages","Bébé, légumes, en pot, patates sucrées, toutes les étapes",2015-01-12,,38,3,03108,
502874,7527,"Babyfood, vegetables and fruit, jarred, green beans and apple","Bébé, légumes et fruits, en pot, haricots verts et pommes",2015-01-12,,38,3,,
502875,7528,"Babyfood, vegetables and fruit, zucchini and apple","Bébé, légumes et fruits, courgettes et pommes",2015-01-12,,38,3,,
502876,7529,"Babyfood, vegetable and grain, jarred, creamed corn with rice","Bébé, légumes et produits céréaliers, en pot, maïs en crème avec riz",2015-01-12,,38,3,,
502877,7530,"Babyfood, vegetables, jarred, broccoli and potato with cheese","Bébé, légumes, en pot, brocoli et pommes de terre avec fromage",2015-01-12,,38,3,,
502878,7531,"Plant-based beverage, cashew, enriched, unsweetened","Boisson à base de plantes, noix de coco, enrichie, non sucrée",2015-01-14,,26,14,,
502916,7532,"Babyfood, snack, biscuit, wheat with milk powder","Aliments pour bébé, grignotises, biscuit, blé avec poudre de lait",2015-02-04,,38,3,,
502917,7534,"Babyfood, cereal, ready to eat, 'O' shaped","Bébé, céréale, prête-à-manger, en forme de 'O'",2015-02-04,,38,3,,
502918,7535,"Babyfood, cereal, mixed grain, with milk powder, dry","Bébé, céréale, mélange de grains, avec poudre de lait, sèche",2015-02-04,,38,3,,
502919,7537,"Babyfood, cereal, mixed grain, with milk powder, prepared with water","Bébé, céréale, mélange de grains, avec poudre de lait, préparée avec eau",2015-02-04,,38,3,,
502920,7539,"Babyfood, cereal, barley, with milk powder, prepared with water","Bébé, céréale, orge, avec poudre de lait, préparée avec eau",2015-02-04,,38,3,,
502921,7540,"Babyfood, cereal, mixed grain, with biscuit, milk powder and fruit, dry","Bébé, céréale, mélange de grains, avec biscuit, poudre de lait et fruits, sèche",2015-02-04,,38,3,,
502922,7541,"Babyfood, cereal, mixed grain, with biscuit, milk powder and fruit, prepared with water","Bébé, céréale, mélange de grains, avec biscuit, poudre de lait et fruits, préparée avec eau",2015-02-04,,38,3,,
503337,7542,"Babyfood, cereal, mixed grain, with milk powder and fruit, prepared with water","Bébé, céréale, mélange de grains, avec poudre de lait et fruits, préparée avec eau",2015-02-05,,38,3,,
503338,7545,"Babyfood, cereal, mixed grain, with fruit, dry","Bébé, céréale, mélange de grains, avec fruits, sèche",2015-02-05,,38,3,,
503339,7546,"Babyfood, cereal, oat, prepared with formula or breast milk","Bébé, céréale, avoine, préparée avec préparation pour nourrissons ou lait maternel",2015-02-05,,38,3,,
503340,7547,"Babyfood, cereal, mixed grain, with fruit, prepared with formula or breast milk","Bébé, céréale, mélange de grains, avec fruits, préparée avec préparation pour nourrissons ou lait maternel",2015-02-05,,38,3,,
503341,7548,"Babyfood, cereal, oat, with milk powder, dry","Bébé, céréale, avoine, avec poudre de lait, sèche",2015-02-05,,38,3,,
503342,7549,"Babyfood, cereal, Oat, with milk powder, prepared with water","Bébé, céréale, avoine, avec poudre de lait, préparée avec eau",2015-02-05,,38,3,,
503343,7550,"Babyfood, cereal, rice, with milk powder and fruit, prepared with water","Bébé, céréale, riz, avec poudre de lait et fruits, préparée avec eau",2015-02-09,,38,3,,
503344,7551,"Babyfood, cereal, rice, with yogourt, with fruit, dry","Bébé, céréale, riz avec yogourt et fruits, sèche",2015-02-09,,38,3,,
503345,7552,"Babyfood, cereal, rice, with yogourt, with fruit, prepared with water","Bébé, céréale, riz avec yogourt et fruits, préparée avec eau",2015-02-09,,38,3,,
503346,7553,"Babyfood, cereal, rice, with milk powder, dry","Bébé, céréale, riz avec poudre de lait, sèche",2015-02-09,,38,3,,
503347,7554,"Babyfood, cereal, Rice, with milk powder, prepared with water","Bébé, céréale, riz avec poudre de lait, préparée avec eau",2015-02-09,,38,3,,
503348,7556,"Babyfood, cereal, rice, prepared with formula or breast milk","Bébé, céréale, riz, préparée avec préparation pour nourrissons ou lait maternel",2015-02-09,,38,3,,
503349,7557,"Babyfood, cereal, wheat, dry","Bébé, céréale, blé, sèche",2015-02-09,,38,3,,
503350,7558,"Babyfood, cereal, wheat, prepared with formula or breast milk","Bébé, céréale, blé, préparée avec préparation pour nourrissons ou lait maternel",2015-02-09,,38,3,,
503351,7559,"Babyfood, cereal, wheat, with milk powder and fruit, dry","Bébé, céréale, blé, avec poudre de lait et fruits, sèche",2015-02-09,,38,3,,
503352,7560,"Babyfood, cereal, wheat, with milk powder and fruit, prepared with water","Bébé, céréale, blé, avec poudre de lait et fruits, préparée avec eau",2015-02-09,,38,3,,
503353,7561,"Babyfood, cereal, soya, with fruit, dry","Bébé, céréale, soya, avec fruits, sèche",2015-02-09,,38,3,,
503354,7562,"Babyfood, cereal, soya, with fruit, prepared with formula or breast milk","Bébé, céréale, soya, avec fruits, préparée avec préparation pour nourrissons ou lait maternel",2015-02-09,,38,3,,
503355,7563,"Babyfood, cereal, oat, with milk powder and fruit, dry","Bébé, céréale, avoine, avec poudre de lait et fruits, sèche",2015-02-09,,38,3,,
503356,7564,"Babyfood, cereal, oat, with milk powder and fruit, prepared with water","Bébé, céréale, avoine, avec poudre de lait et fruits, préparée avec eau",2015-02-09,,38,3,,
503357,7566,"Babyfood, cereal, wheat, with milk powder, dry","Bébé, céréale, blé, avec poudre de lait, sèche",2015-02-09,,38,3,,
503358,7567,"Babyfood, cereal, wheat, with milk powder, prepared with water","Bébé, céréale, blé, avec poudre de lait, préparée avec eau",2015-02-09,,38,3,,
503362,7568,"Seeds, hemp seeds, hulled","Graines de chanvre, décortiquées",2015-02-18,,26,12,,
503363,7569,"Plant-based beverage, coconut, unenriched, unsweetened","Boisson à base de plantes, noix de coco, non enrichie, non sucrée",2015-02-18,,26,14,,
503364,7570,"Plant-based beverage, coconut, unenriched, sweetened, all flavours","Boisson à base de plantes, noix de coco, non enrichie, sucrée, toutes les saveurs",2015-02-18,,26,14,,
503365,7573,"Orange juice, frozen concentrate, diluted, with added calcium and Vitamin D","Jus d'orange, concentré, dilué, calcium et vitamine D ajoutés",2015-02-25,,26,9,,
503366,7574,"Margarine, tub, hydrogenated, soybean oil","Margarine, molle, hydrogénée, huile de soya",2015-03-02,,38,4,,
503367,7575,"Margarine, tub, hydrogenated, canola oil","Margarine, molle, hydrogénée, huile de canola",2015-03-02,,38,4,,
503379,7577,"Chocolate syrup, thin type, less sugar, with added vitamins and minerals","Chocolat, sirop, consistance claire, moins de sucre, vitamines et minéraux ajoutés",2015-05-26,,26,14,19916,
503380,7578,"Granola bar, chewy, high fibre, oats and chocolate","Barre granola, tendre, élevée en fibres, avoine et chocolat",2015-05-29,,1,18,25045,
,,,,,,,,,
,,,,,,,,,
,,,,,,,,,
,,,,,,,,,
