FoodID,FoodCode,FoodGroupID,FoodSourceID,Food Description,Food DescriptionF,FoodDateOfEntry,FoodDateEnd,CountryCode,ScientificName,
49,49,1,0,"Cheese, processed, pimento","Fromage fondu, piments",1981-01-01,2013-02-13,01043,,
50,50,1,0,"Cheese, processed, swiss","Fromage fondu, suisse",1981-01-01,2013-02-19,01044,,
62,62,1,3,"Milk, fluid, partly skimmed with added milk solids, 2% M.F.","Lait, liquide, partiellement écrémé, avec solides de lait, 2% M.G.",1981-01-01,2012-09-07,01080,,
64,64,1,3,"Milk, fluid, partly skimmed with added milk solids, 1% M.F.","Lait, liquide, partiellement écrémé, avec solides de lait, 1% M.G.",1976-01-01,2012-09-07,01083,,
65,65,1,0,"Milk, fluid, skim with added milk solids","Lait, liquide, écrémé, avec solides de lait",1981-01-01,2012-09-07,01086,,
81,81,1,3,"Yogourt, plain, 1% to 2% M.F.","Yogourt, nature, 1% to 2% M.G.",1981-01-01,2013-04-25,01117,,
94,94,1,0,"Cheese, processed food, cheddar","Fromage fondu, préparation, cheddar",1981-01-01,2013-02-19,01149,,
95,95,1,3,"Cheese, processed spread, cheddar","Fromage fondu à tartiner, cheddar",1981-01-01,2013-02-19,01150,,
121,121,1,3,"Cheese, processed, cheddar","Fromage fondu, cheddar",1981-01-01,2013-02-19,01042,,
141,141,1,26,"Yogourt, plain, 2% to 4% M.F.","Yogourt, nature, 2% à 4% M.G.",1990-01-01,2013-04-25,,,
142,142,1,26,"Yogourt, plain, less than 1% M.F.","Yogourt, nature, moins de 1% M.G.",1990-01-01,2013-04-25,,,
143,143,1,26,"Yogourt, coffee and vanilla flavours, 1.9% M.F.","Yogourt, saveurs de café et de vanille, 1,9% M.G.",1990-01-01,2013-04-25,,,
144,144,1,26,"Yogourt, fruit bottom, 1% to 2% M.F.","Yogourt, fruits au fond, 1% à 2% M.G.",1990-01-01,2013-04-25,,,
145,145,1,26,"Yogourt, fruit bottom, less than 1% M.F.","Yogourt, fruits au fond, moins de 1% M.G.",1990-01-01,2013-04-25,,,
146,146,1,26,"Yogourt, fruit bottom, 2% to 4% M.F.","Yogourt, fruits au fond, 2% à 4% M.G.",1990-01-01,2013-04-25,,,
148,148,1,26,"Cheese, cream, reduced calories (20% M.F.)","Fromage à la crème, réduit en calories (20% M.G.)",1991-01-01,2011-09-02,,,
154,154,1,26,"Yogourt, plain, more than 4% M.F.","Yogourt, nature, plus de 4% M.G.",1990-01-01,2013-04-25,,,
155,155,1,26,"Yogourt, stirred or swiss style, plain","Yogourt, brassé ou à la suisse, nature",1990-01-01,2013-04-25,,,
156,156,1,26,"Yogourt, beverage, YOP, YOPLAIT","Yogourt à boire, YOP, YOPLAIT",1990-01-01,2013-04-25,,,
157,157,1,26,"Yogourt, fruit bottom, more than 4% M.F.","Yogourt, fruits au fond, plus de 4% M.G.",1990-01-01,2013-04-25,,,
159,159,1,26,"Cheese, processed spread, cheddar, with skim milk","Fromage fondu à tartiner, cheddar, avec lait écrémé",1981-01-01,2013-02-19,,,
162,162,1,26,"Cheese, calorie reduced (0.5% M.F.)","Fromage, réduit en calories (0,5% M.G.)",1991-01-01,2011-09-02,,,
165,165,1,26,"Yogourt, fruit, stirred/swiss style","Yogourt, fruits, brassé ou à la suisse",1990-01-01,2013-04-25,,,
425,425,4,0,"Vegetable oil, sunflower, linoleic (less than 60%)","Huile végétale, tournesol, acide linoléique (moins de 60%)",1981-01-01,2014-01-06,04060,,
427,427,4,0,"Salad dressing, homemade, cooked","Vinaigrette, faite maison, cuite",1981-01-01,2014-04-09,04134,,
431,431,4,0,"Vegetable oil, sunflower, linoleic (60% and over)","Huile végétale, tournesol, acide linoléique (60% et plus)",1981-01-01,2014-01-06,04506,,
481,481,4,23,"Margarine, tub, canola, COUNTRY CROCK","Margarine, molle, canola, COUNTRY CROCK",1996-01-01,2015-01-15,,,
482,482,4,23,"Margarine, tub, canola and soya, PARKAY","Margarine, molle, canola et soya, PARKAY",1996-01-01,2015-01-12,,,
486,486,4,23,"Margarine, tub, soya, MIRAGE","Margarine, molle, soya, MIRAGE",1996-01-01,2015-01-12,,,
489,489,4,23,"Margarine, tub, canola, MONARCH","Margarine, molle, canola, MONARCH",1996-01-01,2015-01-15,,,
492,492,4,23,"Margarine, stick, corn and canola, FLEISCHMANN","Margarine, dure, maïs et canola, FLEISCHMANN",1996-01-01,2015-01-12,,,
497,497,4,23,"Margarine, stick, unspecified vegetable oils, CHEF MASTER","Margarine, dure, huiles végétales non précisées, CHEF MASTER",1996-01-01,2015-01-12,,,
501,501,4,23,"Margarine, tub, soya, GOLDEN GATE","Margarine, molle, soya, GOLDEN GATE",1996-01-01,2015-01-12,,,
505,505,4,23,"Margarine, tub, canola, LAKELAND","Margarine, molle, canola, LAKELAND",1996-01-01,2015-01-15,,,
506,506,4,23,"Margarine, tub, olive, FLEISCHMANN","Margarine, molle, olive, FLEISCHMANN",1996-01-01,2015-01-15,,,
549,549,4,23,"Spread, 50% butter / 50% margarine","Tartinade, mélange, 50% beurre / 50% margarine",1991-01-01,2012-10-01,,,
825,825,5,23,"Chicken, broiler, leg and back, meat and skin, water chill, raw","Poulet à griller, cuisse et dos, viande et peau, refroidi à l'eau, cru",1996-01-01,2014-07-02,05034,Gallus gallus,
826,826,5,23,"Chicken, broiler, leg and back, meat and skin, water chill, roasted","Poulet à griller, cuisse et dos, viande et peau, refroidi à l'eau, rôti",1996-01-01,2014-07-03,05037,,
827,827,5,23,"Chicken, broiler, leg and back, meat and skin, water chill, stewed","Poulet à griller, cuisse et dos, viande et peau, refroidi à l'eau, ragoût",1996-01-01,2014-07-03,05038,,
828,828,5,23,"Chicken, broiler, leg and back, meat, water chill, raw","Poulet à griller, cuisse et dos, viande, refroidi à l'eau, cru",1996-01-01,2014-07-03,05043,Gallus gallus,
829,829,5,23,"Chicken, broiler, leg and back, meat, water chill, roasted","Poulet à griller, cuisse et dos, viande, refroidi à l'eau, rôti",1996-01-01,2014-07-03,05045,,
830,830,5,23,"Chicken, broiler, leg and back, meat, water chill, stewed","Poulet à griller, cuisse et dos, viande, refroidi à l'eau, bouilli",1996-01-01,2014-07-03,05046,,
888,888,5,23,"Chicken, roasting, breast, meat and skin, raw","Poulet à rôtir, poitrine, viande et peau, cru",1996-01-01,2014-06-26,05029,,
889,889,5,23,"Chicken, roasting, breast, meat and skin, roasted","Poulet à rôtir, poitrine, viande et peau, rôti",1996-01-01,2014-06-26,05032,,
890,890,5,23,"Chicken, roasting, breast, meat and skin, stewed","Poulet à rôtir, poitrine, viande et peau, bouilli",1996-01-01,2014-06-26,05033,,
891,891,5,23,"Chicken, roasting, breast, meat, raw","Poulet à rôtir, poitrine, viande, cru",1996-01-01,2014-06-26,05117,,
892,892,5,23,"Chicken, roasting, breast, meat, roasted","Poulet à rôtir, poitrine, viande, rôti",1996-01-01,2014-06-26,05118,,
893,893,5,23,"Chicken, roasting, breast, meat, stewed","Poulet à rôtir, poitrine, viande, bouilli",1996-01-01,2014-06-26,05065,,
894,894,5,23,"Chicken, roasting, leg and back, meat and skin, raw","Poulet à rôtir, cuisse et dos, viande et peau, cru",1996-01-01,2014-06-26,05034,,
895,895,5,23,"Chicken, roasting, leg and back, meat and skin, roasted","Poulet à rôtir, cuisse et dos, viande et peau, rôti",1996-01-01,2014-06-26,05112,,
896,896,5,23,"Chicken, roasting, leg and back, meat and skin, stewed","Poulet à rôtir, cuisse et dos, viande et peau, bouilli",1996-01-01,2014-06-26,05038,,
897,897,5,23,"Chicken, roasting, leg and back, meat, raw","Poulet à rôtir, cuisse et dos, viande, cru",1996-01-01,2014-06-26,05119,,
898,898,5,23,"Chicken, roasting, leg and back, meat, roasted","Poulet à rôtir, cuisse et dos, viande, rôti",1996-01-01,2014-06-26,05120,,
899,899,5,23,"Chicken, roasting, leg and back, meat, stewed","Poulet à rôtir, cuisse et dos, viande, bouillie",1996-01-01,2014-06-26,05083,,
900,900,5,23,"Chicken, roasting, drumstick, meat and skin, raw","Poulet à rôtir, pilon, viande et peau, cru",1996-01-01,2014-06-26,05066,,
901,901,5,23,"Chicken, roasting, drumstick, meat and skin, roasted","Poulet à rôtir, pilon, viande et peau, rôti",1996-01-01,2014-06-26,05069,,
902,902,5,23,"Chicken, roasting, drumstick, meat and skin, stewed","Poulet à rôtir, pilon, viande et peau, bouilli",1996-01-01,2014-06-26,05676,,
903,903,5,23,"Chicken, roasting, drumstick, meat, raw","Poulet à rôtir, pilon, viande, cru",1996-01-01,2014-06-26,05071,,
904,904,5,23,"Chicken, roasting, drumstick, meat, roasted","Poulet à rôtir, pilon, viande, rôti",1996-01-01,2014-06-26,05073,,
905,905,5,23,"Chicken, roasting, drumstick, meat, stewed","Poulet à rôtir, pilon, viande, bouilli",1996-01-01,2014-06-26,05671,,
906,906,5,23,"Chicken, roasting, thigh, meat and skin, raw","Poulet à rôtir, haut de cuisse, viande et peau, cru",1996-01-01,2014-06-26,05091,,
907,907,5,23,"Chicken, roasting, thigh, meat and skin, roasted","Poulet à rôtir, haut de cuisse, viande et peau, rôti",1996-01-01,2014-06-26,05094,,
908,908,5,23,"Chicken, roasting, thigh, meat and skin, stewed","Poulet à rôtir, haut de cuisse, viande et peau, bouilli",1996-01-01,2014-06-26,05677,,
909,909,5,23,"Chicken, roasting, thigh, meat, raw","Poulet à rôtir, haut de cuisse, viande, cru",1996-01-01,2014-06-26,05096,,
910,910,5,23,"Chicken, roasting, thigh, meat, roasted","Poulet à rôtir, haut de cuisse, viande, rôti",1996-01-01,2014-06-26,05098,,
911,911,5,23,"Chicken, roasting, thigh, meat, stewed","Poulet à rôtir, haut de cuisse, viande, bouilli",1996-01-01,2014-06-26,05672,,
912,912,5,23,"Chicken, roasting, back, meat and skin, raw","Poulet à rôtir, dos, viande et peau, crues",1996-01-01,2014-06-26,05048,,
913,913,5,23,"Chicken, roasting, back, meat and skin, roasted","Poulet à rôtir, dos, viande et peau, rôti",1996-01-01,2014-06-26,05051,,
914,914,5,23,"Chicken, roasting, back, meat and skin, stewed","Poulet à rôtir, dos, viande et peau, bouilli",1996-01-01,2014-06-26,05052,,
915,915,5,23,"Chicken, roasting, back, meat, raw","Poulet à rôtir, dos, viande, cru",1996-01-01,2014-06-26,05053,,
916,916,5,23,"Chicken, roasting, back, meat, roasted","Poulet, rôtir, dos, viande, rôti",1996-01-01,2014-06-26,05055,,
917,917,5,23,"Chicken, roasting, back, meat, stewed","Poulet à rôtir, dos, viande, bouilli",1996-01-01,2014-06-26,05056,,
925,925,6,0,"Soup, bean with wieners, canned, condensed","Soupe, fèves et saucisses fumées, conserve, condensée",1983-01-01,2014-11-20,06006,,
941,941,6,0,"Soup, clam chowder, Manhattan, chunky, ready-to-serve","Soupe, palourdes, Manhattan, chunky, prête-à-servir",1983-01-01,2014-09-05,06027,,
942,942,6,0,"Soup, clam chowder, Manhattan, canned, condensed","Soupe, chaudrée de palourdes, Manhattan, conserve, condensée",1990-01-01,2014-08-28,06028,,
943,943,6,0,"Soup, clam chowder, New England, canned, condensed","Soupe, chaudrée de palourdes, Nouvelle-Angleterre, conserve, condensée",1983-01-01,2014-08-28,06030,,
952,952,6,0,"Soup, oyster stew, canned, condensed","Soupe, huîtres, conserve, condensée",1983-01-01,2014-09-16,06048,,
955,955,6,0,"Soup, cream, shrimp, canned, condensed","Soupe, crème, crevettes, conserve, condensée",1983-01-01,2014-11-20,06056,,
956,956,6,0,"Soup, tomato noodle, canned, condensed","Soupe, tomates avec nouilles, conserve, condensée",1983-01-01,2014-11-20,06061,,
959,959,6,0,"Soup, turkey noodle, canned, condensed","Soupe, dinde et nouilles, conserve, condensée",1981-01-01,2014-09-16,06065,,
960,960,6,0,"Soup, turkey vegetable, canned, condensed","Soupe, dinde et légumes, conserve, condensée",1983-01-01,2014-09-16,06066,,
962,962,6,0,"Soup, vegetable, canned, condensed","Soupe, légumes, conserve, condensée",1981-01-01,2014-11-20,06068,,
977,977,6,0,"Soup, clam chowder, Manhattan, dehydrated","Soupe, chaudrée de palourdes, Manhattan, déshydratée",1983-01-01,2014-08-28,06087,,
978,978,6,0,"Soup, clam chowder, New England, dehydrated","Soupe, chaudrée de palourdes, Nouvelle-Angleterre, déshydratée",1983-01-01,2014-08-28,06088,,
990,990,6,0,"Sauce, cheese, dehydrated","Sauce, fromage, déshydratée",1983-01-01,2013-10-18,06103,,
1014,1014,6,0,"Soup, beef and mushroom, canned, condensed","Soupe, boeuf et champignons, conserve, condensée",1983-01-01,2014-11-20,06147,,
1016,1016,6,0,"Soup, chicken mushroom, canned, condensed","Soupe, poulet et champignons, conserve, condensée",1983-01-01,2014-11-20,06149,,
1020,1020,6,0,"Soup, tomato bisque, canned, condensed","Soupe, bisque de tomates, conserve, condensée",1983-01-01,2014-08-28,06158,,
1031,1031,6,1,"Soup, cream, asparagus, canned, condensed, whole milk added","Soupe, crème, asperges, conserve, condensée, lait entier ajouté",1981-01-01,2014-11-20,06201,,
1032,1032,6,1,"Soup, cream, celery, canned, condensed, whole milk added","Soupe, crème, céleri, conserve, condensée, lait entier ajouté",1981-01-01,2014-11-20,06210,,
1033,1033,6,1,"Soup, cheese, canned, condensed, whole milk added","Soupe, fromage, conserve, condensée, lait entier ajouté",1983-01-01,2014-11-20,06211,,
1034,1034,6,1,"Soup, cream, chicken, canned, condensed, whole milk added","Soupe, crème, poulet, conserve, condensée, lait entier ajouté",1981-01-01,2014-09-08,06216,,
1035,1035,6,1,"Soup, clam chowder, New England, canned, condensed, whole milk added","Soupe, chaudrée de palourdes, Nouvelle-Angleterre, conserve, condensée, lait entier ajouté",1983-01-01,2014-08-28,06230,,
1036,1036,6,1,"Soup, cream, mushroom, canned, condensed, whole milk added","Soupe, crème, champignons, conserve, condensée, lait entier ajouté",1981-01-01,2014-09-08,06243,,
1037,1037,6,1,"Soup, cream, onion, canned, condensed, whole milk added","Soupe, crème, oignon, conserve, condensée, lait entier ajouté",1983-01-01,2014-11-20,06246,,
1038,1038,6,1,"Soup, oyster stew, canned, condensed, whole milk added","Soupe, huîtres, conserve, condensée, lait entier ajouté",1983-01-01,2014-09-16,06248,,
1039,1039,6,1,"Soup, cream, potato, canned, condensed, whole milk added","Soupe, crème, pommes de terre, conserve, condensée, lait entier ajouté",1983-01-01,2014-11-20,06253,,
1040,1040,6,1,"Soup, cream, shrimp, canned, condensed, whole milk added","Soupe, crème, crevettes, conserve, condensée, lait entier ajouté",1983-01-01,2014-11-20,06256,,
1045,1045,6,1,"Soup, tomato bisque, canned, condensed, whole milk added","Soupe, bisque de tomates, conserve, condensée, lait entier ajouté",1983-01-01,2014-08-28,06358,,
1048,1048,6,0,"Soup, bean with wieners, canned, condensed, water added","Soupe, fèves et saucisses fumées, conserve, condensée, eau ajoutée",1983-01-01,2014-11-20,06406,,
1058,1058,6,0,"Soup, clam chowder, Manhattan, canned, condensed, water added","Soupe, chaudrée de palourdes, Manhattan, conserve, condensée, eau ajoutée",1990-01-01,2014-08-28,06428,,
1059,1059,6,0,"Soup, clam chowder, New England, canned, condensed, water added","Soupe, chaudrée de palourdes, Nouvelle-Angleterre, conserve, condensée, eau ajoutée",1983-01-01,2014-08-28,06430,,
1066,1066,6,0,"Soup, oyster stew, canned, condensed, water added","Soupe, huîtres, conserve, condensée, eau ajoutée",1983-01-01,2014-09-16,06448,,
1069,1069,6,0,"Soup, cream, shrimp, canned, condensed, water added","Soupe, crème, crevettes, conserve, condensée, eau ajoutée",1983-01-01,2014-11-20,06456,,
1070,1070,6,0,"Soup, tomato noodle, canned, condensed, water added","Soupe, tomates avec nouilles, conserve, condensée, eau ajoutée",1983-01-01,2014-11-20,06461,,
1072,1072,6,0,"Soup, turkey noodle, canned, condensed, water added","Soupe, dinde et nouilles, conserve, condensée, eau ajoutée",1981-01-01,2014-09-16,06465,,
1073,1073,6,0,"Soup, turkey vegetable, canned, condensed, water added","Soupe, dinde et légumes, conserve, condensée, eau ajoutée",1983-01-01,2014-09-16,06466,,
1074,1074,6,38,"Soup, vegetable, canned, condensed, water added","Soupe, légumes, conserve, condensée, eau ajoutée",1981-01-01,2014-11-20,06468,,
1109,1109,6,0,"Soup, beef and mushroom, canned, condensed, with water","Soupe, boeuf et champignons, conserve, condensée, eau ajoutée",1983-01-01,2014-11-20,06547,,
1110,1110,6,0,"Soup, chicken mushroom, canned, condensed, with water","Soupe, poulet et champignons, conserve, condensée, eau ajoutée",1983-01-01,2014-11-20,06549,,
1112,1112,6,0,"Soup, tomato bisque, canned, condensed, with water","Soupe, bisque de tomates, conserve, condensée, eau ajoutée",1983-01-01,2014-08-28,06558,,
1122,1122,6,3,"Soup, pea, green, canned, condensed, whole milk added","Soupe, pois verts, conserve, condensée, lait entier ajouté",1981-01-01,2014-11-20,06249,,
1123,1123,6,3,"Soup, tomato, canned, condensed, whole milk added","Soupe, tomates, conserve, condensée, lait entier ajouté",1981-01-01,2014-09-10,06359,,
1132,1132,6,20,"Sauce, tartar, ready-to-serve, low calorie","Sauce, tartare, prête-à-servir, hypocalorique",1981-01-01,2012-09-14,,,
1141,1141,7,0,"Bologna (baloney), pork","Saucisson de bologne, porc",1985-01-01,2014-06-12,07010,,
1145,1145,7,0,"Chorizo, pork and beef","Chorizo, porc et boeuf",1983-01-01,2014-07-16,07019,,
1146,1146,7,0,"Corned beef loaf, jellied","Pain de viande, boeuf salé (""corned beef""), en gelée",1988-01-01,2014-06-12,07020,,
1149,1149,7,0,"Ham, sliced, regular, (approximately 11% fat)","Jambon, tranché, (approximative 11% M.G.)",1981-01-01,2013-10-03,07029,,
1150,1150,7,0,"Deli-meat, ham, cured, minced, not canned","Charcuterie, jambon salé, émincé, non en conserve",1983-01-01,2014-06-13,07030,,
1155,1155,7,0,"Deli-meat, pork, minced, canned","Charcuterie, porc, émincé, en conserve",1993-01-01,2014-06-13,07045,,
1156,1156,7,0,"Luncheon meat, pork, beef","Viande froide, porc, boeuf",1983-01-01,2013-10-03,07047,,
1162,1162,7,0,"Pepperoni, pork, beef","Pepperoni, porc, boeuf",1981-01-01,2013-10-03,07057,,
1163,1163,7,0,"Sausage, pork and beef, fresh, cooked","Saucisse, au porc et boeuf, fraîche, cuite",1984-01-01,2014-07-16,07065,,
1165,1165,7,0,"Salami, dry or hard, pork","Salami, sec, porc",1983-01-01,2013-10-03,07071,,
1168,1168,7,0,"Smoked link sausage, pork and beef","Saucisse au porc et boeuf, fumée",1983-01-01,2014-07-16,07075,,
1169,1169,7,0,"Smoked link sausage, pork and beef, flour and nonfat dry milk added","Saucisse au porc et boeuf fumé, farine et lait écrémé en poudre ajoutés",1983-01-01,2014-07-16,07076,,
1170,1170,7,0,"Smoked link sausage, pork and beef, with nonfat dry milk","Saucisse au porc et boeuf fumé, avec lait écrémé en poudre",1983-01-01,2014-07-16,07077,,
1173,1173,7,0,"Turkey ham, cured turkey thigh meat","Dinde, cuisse, salée et pressée",1983-01-01,2013-10-03,07080,,
1176,1176,7,0,"Luncheon sausage, pork and beef","Saucisse ""luncheon"" (à casse-croute), porc et boeuf",1983-01-01,2013-10-03,07090,,
1177,1177,7,23,"Beerwurst, (beer salami, bierwurst), beef","Saucisse à la bière, boeuf",1996-01-01,2014-06-13,,,
1180,1180,7,0,"Bologna (baloney), beef and pork","Saucisson de bologne, boeuf et porc",1996-01-01,2013-09-27,07008,,
1181,1181,7,0,"Bologna (baloney), turkey","Saucisson de bologne, dinde",1996-01-01,2014-06-12,07011,,
1186,1186,7,0,"Wiener (frankfurter), beef and pork","Saucisse fumée, boeuf et porc",1996-01-01,2013-05-21,07023,,
1188,1188,7,23,"Ham, cured, flaked, canned","Jambon, salé, flocons, conserve",1996-01-01,2013-10-03,,,
1189,1189,7,0,"Deli-meat, ham, cured, chopped, not canned","Charcuterie, jambon salé, haché, non en conserve",1996-01-01,2014-06-13,07027,,
1191,1191,7,0,"Kielbasa, kolbassa, pork, beef","Saucisson kielbasa, porc, boeuf",1996-01-01,2013-10-03,07037,,
1193,1193,7,0,"Luncheon meat, beef, loaved","Viande froide, boeuf, pain",1993-01-01,2013-09-27,07042,,
1194,1194,7,0,"Mortadella, beef, pork","Mortadelle, boeuf, porc",1996-01-01,2013-10-03,07050,,
1195,1195,7,0,"Peppered loaf, pork, beef","Pain de viande, au poivre, porc, boeuf",1996-01-01,2013-10-03,07056,,
1197,1197,7,0,"Polish sausage, pork","Saucisson polonais, porc",1996-01-01,2014-07-16,07059,,
1201,1201,7,0,"Salami, cooked, beef and pork","Salami, cuit, boeuf et porc",1996-01-01,2013-10-03,07069,,
1203,1203,7,0,"Salami, dry or hard, pork, beef","Salami, sec, porc, boeuf",1996-01-01,2013-10-03,07072,,
1204,1204,7,0,"Luncheon meat, turkey, breast","Viande froide, dinde, poitrine",1996-01-01,2013-10-03,07081,,
1205,1205,7,0,"Luncheon meat, turkey, light and dark meat","Viande froide, dinde, viandes blanche et brune",1996-01-01,2013-10-03,07082,,
1206,1206,7,23,"Liver and bacon sausage, pork","Saucisson de foie et de bacon, porc",1996-01-01,2014-07-16,,,
1208,1208,7,23,"Luncheon meat, unspecified meat, french onion, loaved","Viande froide, viande non spécifiée, oignon français, pain",1996-01-01,2013-10-03,,,
1209,1209,7,23,"Luncheon meat, ham, spiced, loaved","Viande froide, jambon, épicé, pain",1996-01-01,2013-10-03,,,
1210,1210,7,0,"Deli-meat, unspecified meat, loaved",,1996-01-01,2013-10-04,07044,,
1213,1213,7,23,"Luncheon meat, pizza, loaved","Viande froide, pizza, pain",1996-01-01,2013-10-03,,,
1214,1214,7,23,"Salami, cooked, pork","Salami, cuit, porc",1996-01-01,2013-05-02,,,
1215,1215,7,23,"Kielbasa, kolbassa,  sausage, turkey","Saucisse kielbasa, dinde",1996-01-01,2013-05-02,,,
1218,1218,7,23,"Sausage, pork and beef, raw","Saucisson, porc et boeuf, cru",1996-01-01,2014-07-16,,,
1219,1219,7,23,"Sausage, pork and beef, fat reduced, sodium reduced","Saucisson, porc et boeuf, teneurs réduites en gras et sodium",1996-01-01,2014-07-16,,,
1234,1234,8,26,"Cereal, ready to eat, Cocoa Puffs, General Mills","Céréale, prête-à-manger, Cocoa Puffs, General Mills",1996-01-01,2014-09-11,,,
1243,1243,8,26,"Cereal, ready to eat, Mini-wheats: with brown sugar frosting, Kellogg's","Céréale, prête-à-manger, Mini-wheats: givrés de cassonade, Kellogg's",1996-01-01,2011-03-21,,,
1274,1274,8,26,"Cereal, ready to eat, Trix, General Mills","Céréale, prête-à-manger, Trix, General Mills",1996-01-01,2014-01-03,,,
1281,1281,8,26,"Cereal, hot, Purity cracked wheat, dry, Robin Hood","Céréale, chaude, Purity blé concassé, sec, Robin Hood",1996-01-01,2014-09-11,,,
1283,1283,8,26,"Cereal, ready to eat, ancient grains, President's Choice","Céréale, prête-à-manger, céréales anciennes, Choix de Président",1996-01-01,2011-07-11,,,
1294,1294,8,26,"Cereal, ready to eat, Cheerios: frosted, General Mills","Céréale, prête-à-manger, cheerios: givrés, General Mills",1996-01-01,2014-09-11,,,
1311,1311,8,26,"Cereal, ready to eat, Crispy Rice, President's Choice","Céréale, prête-à-manger, riz croustillant, Choix du Président",1996-01-01,2011-07-11,,,
1319,1319,8,26,"Cereal, ready to eat, Fruit Flavoured Multigrain O's, President's Choice","Céréale, prête-à-manger, multigrains O's fruitées, Choix du Président",1996-01-01,2011-07-11,,,
1323,1323,8,26,"Cereal, ready to eat, Synergy 8 Whole Grain, Nature's Path","Céréale, prête-à-manger, Synergy 8 Grains Anciens, Nature's Path",1996-01-01,2014-09-11,,,
1345,1345,8,26,"Cereal, ready to eat, Honey Nut Oat O's, President's Choice","Céréale, prête-à-manger, avoine en O au miel et noix, Choix du Président",1996-01-01,2011-07-11,,,
1347,1347,8,26,"Cereal, ready to eat, Kashi: Medley, Kashi","Céréale, prête-à-manger, Kashi: Medley, Kashi",1996-01-01,2011-03-03,,,
1349,1349,8,26,"Cereal, ready to eat, Muesli, President's Choice","Céréale, prête-à-manger, muesli, Choix du Président",1996-01-01,2011-07-11,,,
1352,1352,8,26,"Cereal, ready to eat, Muesli: Gourmet English Style, President's Choice","Céréale, prête-à-manger, Muesli: recette style Anglais, Choix du Président",1996-01-01,2011-07-11,,,
1361,1361,8,26,"Cereal, ready to eat, Muslix: Apple Crisp, Kellogg's","Céréale, prête-à-manger, muesli: croustade aux pommes, Kellogg's",1996-01-01,2011-03-04,,,
1362,1362,8,26,"Cereal, ready to eat, Muslix: Banana nut, Kellogg's","Céréale, prête-à-manger, muesli: bananes et noix, Kellogg's",1996-01-01,2011-03-04,,,
1363,1363,8,26,"Cereal, ready to eat, Muslix: Harvest Fruit, Kellogg's","Céréale, prête-à-manger, muesli: moisson fruitée, Kellogg's",1996-01-01,2011-03-04,,,
1368,1368,8,26,"Cereal, ready to eat, Oatmeal Crisp Maple Walnut, General Mills","Céréale, prête-à-manger, avoine croquante à l'érable et aux noix, General Mills",1996-01-01,2011-03-03,,,
1369,1369,8,26,"Cereal, ready to eat, Oatmeal Crisp Raisin, General Mills","Céréale, prête-à-manger, avoine croquante avec raisins secs, General Mills",1996-01-01,2011-03-03,08245,,
1379,1379,8,26,"Cereal, ready to eat, Rice Krispies Squares, Kellogg's","Céréale, prête-à-manger, carrés aux Rice Krispies, Kellogg's",1996-01-01,2014-09-10,,,
1390,1390,8,26,"Cereal, ready to eat, Granola Clusters: low fat, raisin and almond, President's Choice","Céréale, prête-à-manger, grappes de granola: faible en gras, raisins secs et amandes, Choix du Président",1996-01-01,2011-07-11,,,
1394,1394,8,26,"Cereal, ready to eat, Granola Clusters: low fat, multigrain, President's Choice","Céréale, prête-à-manger, grappe de granola: faible en gras, multigrains, Choix du Président",1996-01-01,2011-07-11,,,
1395,1395,8,26,"Cereal, hot, oats, large flakes: Old Mill, dry, Robin Hood","Céréale, chaude, avoine (gruau), gros flocons: Vieux Moulin, sèche, Robin Hood",1996-01-01,2014-09-11,,,
1396,1396,8,24,"Cereal, hot, oats, large flakes: Old Mill, prepared, Robin Hood","Céréale, chaude, avoine (gruau), gros flocons: Vieux Moulin, préparée, Robin Hood",1996-01-01,2014-09-11,,,
1405,1405,8,26,"Cereal, hot, creamy wheat: Old Mill, dry, Robin Hood","Céréale, chaude, blé crémeux: Vieux Moulin, sèche, Robin Hood",1996-01-01,2014-09-11,,,
1406,1406,8,24,"Cereal, hot, creamy wheat: Old Mill, prepared, Robin Hood","Céréale, chaude, blé crémeux: Vieux Moulin, préparée, Robin Hood",1996-01-01,2014-09-11,,,
1408,1408,8,24,"Cereal, hot, kashi: the breakfast pilaf, prepared, kashi","Céréale, chaude, kashi: pilaf à déjeuner, préparée, kashi",1996-01-01,2011-03-03,,,
1441,1441,8,26,"Cereal, hot, oats, quick: Old Mill, dry, Robin Hood","Céréale, chaude, avoine (gruau), rapide: Vieux Moulin, sèche, Robin Hood",1996-01-01,2013-06-06,,,
1442,1442,8,24,"Cereal, hot, oats, quick: Old Mill, prepared, Robin Hood","Céréale, chaude, avoine (gruau), rapide: Vieux Moulin, préparée, Robin Hood",1996-01-01,2013-05-23,,,
1445,1445,8,26,"Cereal, hot, oats, minute: Old Mill, dry, Robin Hood","Céréale, chaude, avoine (gruau), minute: Vieux Moulin, sèche, Robin Hood",1996-01-01,2014-09-11,,,
1446,1446,8,24,"Cereal, hot, oats, minute: Old Mill, prepared, Robin Hood","Céréale, chaude, avoine (gruau), minute: Vieux Moulin, préparée, Robin Hood",1996-01-01,2014-09-11,,,
1447,1447,8,26,"Cereal, hot, oats plus fibre, dry, Robin Hood","Céréale, chaude, avoine (gruau), avec fibres, sèche, Robin Hood",1996-01-01,2014-09-11,,,
1448,1448,8,24,"Cereal, hot, oats plus fibre, prepared, Robin Hood","Céréale, chaude, avoine (gruau), avec fibres, préparée, Robin Hood",1996-01-01,2014-09-11,,,
1449,1449,8,26,"Cereal, hot, oats, pre-cooked, dry, Robin Hood","Céréale, chaude, avoine (gruau), précuite, sèche, Robin Hood",1996-01-01,2014-09-11,,,
1450,1450,8,24,"Cereal, hot, oats, pre-cooked, prepared, Robin Hood","Céréale, chaude, avoine (gruau), précuite, préparée, Robin Hood",1996-01-01,2014-09-11,,,
1451,1451,8,26,"Cereal, hot, oats, wild, dry, Robin Hood","Céréale, chaude, avoine (gruau), sauvage, sèche, Robin Hood",1996-01-01,2014-09-11,,,
1452,1452,8,24,"Cereal, hot, oats, wild, prepared, Robin Hood","Céréale, chaude, avoine (gruau), sauvage, préparée, Robin Hood",1996-01-01,2014-09-11,,,
1455,1455,8,26,"Cereal, hot, Purity cornmeal, dry, Robin Hood","Céréale, chaude, Purity semoule de maïs, sèche, Robin Hood",1996-01-01,2014-09-11,,,
1456,1456,8,24,"Cereal, hot, Purity cornmeal, prepared, Robin Hood","Céréale, chaude, Purity semoule de maïs, préparée, Robin Hood",1996-01-01,2014-09-11,,,
1457,1457,8,24,"Cereal, hot, Purity cracked wheat, prepared, Robin Hood","Céréale, chaude, Purity blé concassé, préparée, Robin Hood",1996-01-01,2014-09-11,,,
1458,1458,8,26,"Cereal, hot, Purity wheatlets, dry, Robin Hood","Céréale, chaude, Purity wheatlets, sèche, Robin Hood",1996-01-01,2014-09-11,,,
1459,1459,8,24,"Cereal, hot, Purity wheatlets, prepared, Robin Hood","Céréale, chaude, Purity wheatlets, préparée, Robin Hood",1996-01-01,2014-09-11,,,
1468,1468,8,26,"Cereal, hot, oat bran, dry, Quaker","Céréale, chaude, son d'avoine, sèche, Quaker",1996-01-01,2012-11-07,,,
1469,1469,8,24,"Cereal, hot, oat bran, prepared, Quaker","Céréale, chaude, son d'avoine, préparée, Quaker",1996-01-01,2012-11-07,,,
1480,1480,8,26,"Cereal, hot, oat bran, dry, Robin Hood","Céréale, chaude, son d'avoine, sèche, Robin Hood",1996-01-01,2012-11-07,,,
1481,1481,8,24,"Cereal, hot, oat bran, prepared, Robin Hood","Céréale, chaude, son d'avoine, préparée, Robin Hood",1996-01-01,2012-11-07,,,
1588,1588,9,0,"Lemon, raw, with peel","Citron, cru, avec pelure",1984-01-01,2011-07-29,09151,Citrus limon,
1607,1607,9,0,"Mixed fruit (peach, pear, grapes), canned, heavy syrup pack, solids and liquid","Fruits, mélangés (pêches, poires, raisins), conserve, dans du sirop épais, solides et liquide",1984-01-01,2013-03-22,09187,,
1608,1608,9,0,"Mixed fruit, dried","Fruits, mélangés, séchés",1984-01-01,2013-03-22,09188,,
1609,1609,9,0,"Mixed fruit, frozen, sweetened, added vitamin C","Fruits, mélangés, congelés, sucrés, vitamine C ajoutée",1984-01-01,2013-03-22,09189,,
1626,1626,9,0,"Tangerine (mandarin) juice, frozen concentrate, sugar added, undiluted","Tangerine (mandarine), jus, congelé, sucre ajouté, non dilué",1984-01-01,2014-10-30,09224,,
1627,1627,9,0,"Tangerine (mandarin), juice, frozen concentrate, sugar added, diluted","Tangerine (mandarine), jus, congelé, sucre ajouté, dilué",1984-01-01,2014-10-30,09225,,
1756,1756,10,0,"Pork, composite cuts, leg, loin and shoulder, lean, raw","Porc, coupes diverses, cuisse, longe et épaule, maigre, cru",1995-01-01,2011-05-25,10002,,
1831,1831,10,0,"Pork, composite cuts, leg, loin and shoulder, lean, cooked","Porc, coupes diverses, cuisse, longe et épaule, maigre, cuit",1995-01-01,2011-05-25,10093,,
1856,1856,10,0,"Pork, cured, bacon, broiled, pan-fried or roasted","Porc, salé, bacon, grillé, sauté ou rôti",1985-01-01,2014-04-09,10124,,
1858,1858,10,23,"Pork, cured, back bacon, unheated","Porc, salé, bacon de dos, non chauffé",1985-01-01,2012-09-24,,,
1863,1863,7,0,"Ham, extra lean, canned, roasted","Jambon, extra maigre, en conserve, roti",1985-01-01,2014-06-13,10138,,
1864,1864,10,0,"Pork, cured, ham, regular (13% fat), canned, unheated","Porc, salé, jambon, conserve, régulier (13% M.G.), non chauffé",1985-01-01,2014-04-09,10139,,
1866,1866,10,0,"Pork, cured, ham, centre slice, country style, lean, raw","Porc, salé, jambon de campagne, tranche du milieu, maigre, cru",1990-01-01,2014-06-11,10141,,
1867,1867,10,0,"Pork, cured, ham, centre slice, country style, lean and fat, unheated","Porc, salé, jambon de campagne, tranche du milieu, maigre et gras, non chauffé",1990-01-01,2014-06-11,10142,,
1872,1872,10,0,"Pork, cured, ham, whole, lean and fat, roasted","Porc, salé, jambon entier, maigre et gras, rôti",1985-01-01,2014-04-11,10151,,
1889,1889,7,0,"Deli-meat, ham, lean, canned, roasted","Charcuterie, jambon, conserve, maigre, rôti",1985-01-01,2014-06-13,10185,,
1891,1891,10,0,"Pork, composite cuts, leg, loin, shoulder and spareribs, lean and fat, raw","Porc, coupes diverses, cuisse, longe, épaule et côtes levées, maigre et gras, crues",1995-01-01,2011-05-25,10187,,
1892,1892,10,0,"Pork, composite cuts, leg, loin, shoulder and spareribs, lean and fat, cooked","Porc, coupes diverses, cuisse, longe, épaule et côtes levées, maigre et gras, cuites",1995-01-01,2011-05-25,10188,,
1923,1923,10,0,"Pork, composite cuts, loin and shoulder blade, lean and fat, raw","Porc, coupes diverses, longe et palette, maigre et gras, crues",1995-01-01,2011-05-25,10226,,
1924,1924,10,0,"Pork, composite cuts, loin and shoulder blade, lean and fat, cooked","Porc, coupes diverses, longe et palette, maigre et gras, cuites",1995-01-01,2011-05-25,10227,,
1925,1925,10,0,"Pork, composite cuts, loin and shoulder blade, lean, raw","Porc, coupes diverses, longe et palette, maigre, crues",1995-01-01,2011-05-25,10228,,
1926,1926,10,0,"Pork, composite cuts, loin and shoulder blade, lean, cooked","Porc, coupes diverses, longe et palette, maigre, cuites",1995-01-01,2011-05-25,10229,,
1975,1975,10,23,"Pork, cured, bacon, fat reduced, salt reduced, raw","Porc, salé, bacon, réduit en M.G., réduit en sel, cru",1996-01-01,2012-09-24,,,
1976,1976,10,23,"Pork, cured, English style bacon","Porc, salé, bacon, style anglais",1996-01-01,2012-09-24,,,
1980,1980,10,23,"Pork, cured, bacon, salt reduced, raw","Porc, salé, bacon, sel réduit, cru",1996-01-01,2013-04-04,,,
2520,2520,12,0,"Seeds, sesame seeds, whole, dried","Graines, sésame, graines, entières, déshydratées",1985-01-01,2014-04-14,12023,Sesamum indicum,
2609,2609,12,0,"Nuts, simulated product, wheat-based, macademia flavour","Noix, simili produit, base de blé, saveur de macademia",1985-01-01,2013-03-21,12199,,
2671,2671,13,0,"Beef, cured, summer sausage","Boeuf, salé, saucisse d'été",1988-01-01,2013-10-03,13359,,
2684,2684,13,1,"Beef, ground, lean, baked, degree of doneness: medium","Boeuf, haché, maigre, cuit au four, degré de cuisson: à point (moyen)",1988-01-01,2014-11-03,23571,,
2686,2686,13,1,"Beef, ground, lean, broiled","Boeuf, haché, maigre, grillé, à point",1988-01-01,2014-11-19,23568,,
2688,2688,13,1,"Beef, ground, lean, pan-fried, degree of doneness: medium","Boeuf, haché, maigre, sauté, degré de cuisson: à point (moyen)",1988-01-01,2014-11-18,23569,,
2691,2691,13,1,"Beef, ground, medium, baked, degree of doneness: medium","Boeuf, haché, mi-maigre, cuit au four, degré de cuisson: à point (moyen)",1988-01-01,2014-11-03,23576,,
2693,2693,13,1,"Beef, ground, medium, broiled, degree of doneness: medium","Boeuf, haché, mi-maigre, grillé, degré de cuisson: à point (moyen)",1988-01-01,2014-11-03,13305,,
2695,2695,13,1,"Beef, ground, medium, pan-fried, degree of doneness: medium","Boeuf, haché, mi-maigre, sauté, degré de cuisson: à point (moyen)",1988-01-01,2014-11-03,13307,,
2697,2697,13,1,"Beef, ground, regular, baked, degree of doneness: medium","Boeuf, haché, régulier, cuit au four, degré de cuisson: à point (moyen)",1988-01-01,2014-11-03,13310,,
2699,2699,13,1,"Beef, ground, regular, broiled, degree of doneness: medium","Boeuf, haché, régulier, grillé, degré de cuisson: à point (moyen)",1988-01-01,2014-11-03,13312,,
2701,2701,13,1,"Beef, ground, regular, pan-fried, degree of doneness: medium","Boeuf, haché, régulier, sauté, degré de cuisson: à point (moyen)",1988-01-01,2014-11-03,13314,,
2703,2703,13,1,"Beef, ground, patty, frozen, raw","Boeuf, haché, galette, congelé, crue",1988-01-01,2014-11-20,13316,,
2709,2709,13,0,"Beef, cured, sausage, cooked, smoked","Boeuf, salé, saucisse, cuit, fumé",1988-01-01,2014-07-16,13357,,
2710,2710,13,1,"Beef, cured, smoked, chopped","Boeuf, salé, fumé, morceaux",1988-01-01,2013-09-27,13358,,
2711,2711,13,1,"Beef, cured, thin-sliced","Boeuf, salé, tranché mince",1990-01-01,2013-09-27,13360,,
2756,2756,13,23,"Beef, chuck, short ribs, lean and fat, raw","Boeuf, épaule, bout-de-côtes, maigre et gras, cru",1990-01-01,2014-07-15,,,
2757,2757,13,23,"Beef, chuck, short ribs, lean and fat, simmered","Boeuf, épaule, bout-de-côtes, maigre et gras, mijoté",1990-01-01,2014-07-15,,,
2758,2758,13,23,"Beef, chuck, short ribs, lean, 0mm (0"") trim, raw","Boeuf, épaule, bout-de-côte, maigre, 0mm (0"") paré, cru",1990-01-01,2014-07-15,,,
2759,2759,13,23,"Beef, chuck, short ribs, lean, 6mm (1/4"") trim, simmered","Boeuf, épaule, bout-de-côtes, maigre, 6mm (1/4"") paré, mijoté",1990-01-01,2014-07-15,13150,,
2810,2810,13,23,"Beef, hip, rump roast, lean, raw","Boeuf, cuisse, rôti de croupe, maigre, cru",1990-01-01,2014-08-18,,,
2824,2824,13,23,"Beef, loin, wing steak, lean and fat, 6mm (1/4"") trim raw","Boeuf, longe, bifteck de côte d'aloyau, maigre et gras, 6mm (1/4"") paré, cru",1990-01-01,2014-08-12,,,
2825,2825,13,23,"Beef, loin, wing steak, lean and fat, 6mm (1/4"") trim, broiled","Boeuf, longe, bifteck de côte d'aloyau, maigre et gras, 6mm (1/4"") paré, grillé",1990-01-01,2014-08-12,,,
2826,2826,13,23,"Beef, loin, wing steak, lean, raw","Boeuf, longe, bifteck de côte d'aloyau, maigre, cru",1990-01-01,2014-08-12,,,
2827,2827,13,23,"Beef, loin, wing steak, lean, 6mm (1/4"") trim, broiled","Boeuf, longe, bifteck de côte d'aloyau, maigre, 6mm (1/4"") paré, grillé",1990-01-01,2014-08-12,,,
2834,2834,13,23,"Beef, sirloin, patties","Boeuf, surlonge, galette",1996-01-01,2014-06-04,,,
2872,2872,14,11,"Coffee, brewed, prepared with distilled water","Café infusé, préparé avec de l'eau distillée",1988-01-01,2015-04-13,,,
2890,2890,14,0,"Lemonade, powder","Limonade, poudre",1988-01-01,2014-03-20,14287,,
2891,2891,14,0,"Lemonade, powder, water added","Limonade, poudre, eau ajoutée",1988-01-01,2014-03-20,14288,,
3229,3229,15,24,"Alewife, with bone, baked or broiled","Gaspareau, avec arêtes, au four ou grillé",1990-01-01,2012-09-18,,,
3236,3236,15,23,"Smelt, breaded, fried","Éperlan, pané et frit",1990-01-01,2012-09-18,,,
3644,3644,17,20,"Game meat, seal liver, raw","Gibier, viande, phoque, foie, cru",1981-01-01,2012-09-13,,,
3704,3704,18,0,"Bread, oat bran","Pain, son d'avoine",1995-01-01,2014-04-17,18037,,
3705,3705,18,0,"Bread, oat bran, toasted","Pain, son d'avoine, grillé",1995-01-01,2014-04-17,18038,,
3706,3706,18,0,"Bread, oatmeal","Pain, flocons d'avoine",1995-01-01,2014-04-17,18039,,
3707,3707,18,0,"Bread, oatmeal, toasted","Pain, flocons d'avoine, grillé",1995-01-01,2014-04-17,18040,,
3716,3716,18,0,"Bread, calorie-reduced, oat bran","Pain, réduit en calories, son d'avoine",1995-01-01,2014-04-17,18049,,
3717,3717,18,0,"Bread, calorie-reduced, oat bran, toasted","Pain, réduit en calories, son d'avoine, grillé",1995-01-01,2014-04-17,18050,,
3718,3718,18,0,"Bread, Calorie-reduced, oatmeal","Pain, réduit en calories, flocons d'avoine",1995-01-01,2014-04-17,18051,,
3720,3720,18,0,"Bread, Calorie-reduced, rye","Pain, réduit en calories, seigle",1995-01-01,2014-04-17,18053,,
3722,3722,18,0,"Bread, Calorie-reduced, wheat","Pain, réduit en calories, blé",1995-01-01,2014-05-27,18055,,
3727,3727,18,0,"Bread, wheat (includes wheat berry), 16% whole wheat","Pain, blé (inclus grains de blé), 16% farine de blé entier",1995-01-01,2014-04-17,18064,,
3728,3728,18,0,"Bread, wheat (includes wheat berry), toasted","Pain, blé (inclus aux grains de blé), grillé",1995-01-01,2014-04-17,18065,,
3729,3729,18,0,"Bread, wheat bran","Pain, son de blé",1995-01-01,2014-04-17,18066,,
3881,3881,18,0,"Cream puff, homemade, shell with custard filling","Chou à la crème, fait maison, garni de crème pâtissière",1995-01-01,2014-10-31,18238,,
3894,3894,18,0,"Doughnut (donut), cake-type, wheat, sugared or glazed","Beigne, type gâteau, blé, enrobage de sucre ou givré",1995-01-01,2014-10-31,18252,,
3899,3899,18,0,"Eclair, custard filled with chocolate glaze, homemade","Éclair, farci de crème pâtissière avec glaçage chocolat, fait maison",1995-01-01,2014-10-31,18257,,
3928,3928,18,0,"Muffin, wheat bran, toaster-type, with raisins","Muffin, son de blé, type grille-pain, avec raisins secs",1995-01-01,2014-10-31,18286,,
3966,3966,18,0,"Pie crust, cookie-type, graham cracker, homemade, baked","Croûte de tarte, type biscuit, biscuits graham, faite maison, cuite",1995-01-01,2014-10-31,18330,,
4030,4030,18,0,"Pie crust, cookie-type, choco wafer, homemade, chilled","Croûte de tarte, type biscuit, chocolat, faite maison, réfrigérée",1995-01-01,2014-10-31,18398,,
4062,4062,18,3,"Bread, cracked wheat","Pain, blé concassé",1995-01-01,2014-04-17,18025,,
4064,4064,18,3,"Bread, calorie-reduced, white","Pain, blanc, réduit en Calories",1995-01-01,2014-05-27,18057,,
4074,4074,18,26,"Leavening agent, baking powder, continuous action","Agent de levage, levure chimique, action continue",1985-01-01,2014-01-09,,,
4090,4090,25,0,"Snacks, corn-based, extruded, cones, nacho","Grignotises, base de maïs, extrudé, cornets, nacho",1994-01-01,2014-04-11,19006,,
4121,4121,25,0,"Snacks, pretzels, hard, confectioner's coating, chocolate flavour","Grignotises, bretzels, durs, enrobage à saveur de chocolat",1994-01-01,2014-05-09,19048,,
4353,4353,25,0,"Snacks, corn nuts, nacho","Grignotises, grignotises de maïs (corn nuts), nacho",1994-01-01,2014-04-11,19402,,
4395,4395,19,20,"Candied food, apricots","Confits, abricots",1981-01-01,2012-10-01,,,
4399,4399,19,20,"Candied foods, figs","Confits, figues",1981-01-01,2012-10-01,,,
4404,4404,19,20,"Candied foods, pears","Confits, poires",1981-01-01,2012-10-01,,,
4406,4406,19,26,"Sweets, carob chips","Confiseries, caroube, brisures",1990-01-01,2012-09-25,,,
4545,4545,21,0,"Fast foods, breakfast, danish pastry, cheese","Aliments prêts à manger, déjeuner, brioche danoise au fromage",1990-01-01,2014-04-11,21015,,
4546,4546,21,0,"Fast foods, breakfast, danish pastry, cinnamon","Aliments prêts à manger, déjeuner, brioche danoise à la cannelle",1990-01-01,2014-04-11,21016,,
4547,4547,21,0,"Fast foods, breakfast, danish pastry, fruit","Aliments prêts à manger, déjeuner, brioche danoise aux fruits",1990-01-01,2014-04-11,21017,,
4555,4555,21,0,"Fast foods, breakfast, pancakes with butter and syrup","Aliments prêts à manger, déjeuner, crêpes avec beurre et sirop",1990-01-01,2014-04-11,21025,,
4606,4606,21,0,"Fast foods, mexican, nachos with cheese and jalapeno peppers","Aliments prêts à manger, mexicain, nachos avec fromage et piments jalapeno",1990-01-01,2014-04-11,21079,,
4608,4608,21,0,"Fast foods, dessert, nachos with cinnamon and sugar","Aliments prêts à manger, dessert, nachos avec cannelle et sucre",1990-01-01,2014-04-11,21081,,
4630,4630,21,0,"Fast foods, sandwiches and burgers, chicken fillet sandwich with cheese","Aliments prêts à manger, sandwichs et burgers, sandwich au filet de poulet avec fromage",1990-01-01,2014-10-31,21103,,
4822,4822,18,0,"Cake, snack cakes, cupcakes, chocolate, with icing (frosting)), low-fat","Gâteau, grignotise, petit gâteaux, chocolat, avec glaçage, faible en gras",2000-12-13,2014-04-11,18452,,
4826,4826,18,0,"Cookie, oatmeal, commercially prepared, fat free","Biscuit, avoine, préparation commerciale, sans gras",2000-12-13,2014-10-31,18456,,
4842,4842,7,0,"Bologna (baloney), beef, light","Saucisson de bologne, boeuf, léger",2000-12-20,2013-09-27,07202,,
4844,4844,7,0,"Wiener (frankfurter), light, pork, turkey, beef","Saucisse fumée, légère, boeuf, dinde, porc",2000-12-20,2013-05-21,07247,,
4876,4876,7,0,"Bologna (baloney), fat free","Saucisson de bologne, sans gras",2000-12-20,2014-06-12,07203,,
4877,4877,7,0,"Chicken breast, oven roasted, low fat","Poulet, poitrine, rôtie au four, pauvre en gras",2000-12-20,2013-10-03,07933,,
4892,4892,6,0,"Soup, broccoli and cheese, CUP-A-SOUP, mix, dry, unprepared","Soupe, brocoli et fromage, CUP-A-SOUP, mélange sec, non préparé",2000-12-22,2012-09-14,,,
4893,4893,6,0,"Soup, chicken supreme, CUP-A-SOUP, mix, dry, unprepared","Soupe, poulet suprême, CUP-A-SOUP, mélange sec, non préparé",2000-12-22,2012-09-14,06287,,
4894,4894,6,0,"Soup, chicken noodle, CUP-A-SOUP, mix, dry, unprepared","Soupe, poulet et nouilles, CUP-A-SOUP, mélange sec, non préparé",2000-12-22,2012-09-14,06288,,
4895,4895,6,0,"Soup, chicken noodle with meat, CUP-A-SOUP, mix, dry, unprepared","Soupe, poulet et nouilles avec viande, CUP-A-SOUP, mélange sec, non préparé",2000-12-22,2012-09-14,06289,,
4896,4896,6,0,"Soup, cream, chicken, CUP-A-SOUP, mix, dry, unprepared","Soupe, crème, poulet, CUP-A-SOUP, mélange sec, non préparé",2000-12-22,2012-09-14,06290,,
4897,4897,6,0,"Soup, chicken vegetable, CUP-A-SOUP, mix, dry, unprepared","Soupe, poulet et légumes, CUP-A-SOUP, mélange sec, non préparé",2000-12-22,2012-09-14,06291,,
4898,4898,6,0,"Soup, ring noodle, CUP-A-SOUP, mix, dry, unprepared","Soupe, nouilles anneaux, CUP-A-SOUP, mélange sec, non préparé",2000-12-22,2012-09-14,06292,,
4899,4899,6,0,"Soup, tomato, CUP-A-SOUP, mix, dry, unprepared","Soupe, tomates, CUP-A-SOUP, mélange sec, non préparé",2000-12-22,2012-09-14,06293,,
4900,4900,6,0,"Soup, green pea, CUP-A-SOUP, mix, dry, unprepared","Soupe, pois verts, CUP-A-SOUP, mélange sec, non préparé",2000-12-22,2012-09-14,06294,,
4901,4901,6,0,"Soup, cream, mushroom, CUP-A-SOUP, mix, dry, unprepared","Soupe, crème, champignons, CUP-A-SOUP, mélange sec, non préparé",2000-12-22,2012-09-14,06295,,
4902,4902,6,0,"Soup, spring vegetable, CUP-A-SOUP, mix, dry, unprepared","Soupe, légumes printaniers, CUP-A-SOUP, mélange sec, non préparé",2000-12-22,2012-09-14,06296,,
4918,4918,22,0,"Vegetable protein patty, frozen",Galette de protéines de légumes congelée,2000-12-22,2014-04-11,22125,,
4920,4920,22,0,"Beef ravioli in tomato & meat sauce, canned","Ravioli au boeuf, sauce aux tomates et viande, conserve",2000-12-22,2011-07-29,22515,,
4921,4921,22,0,"Macaroni with beef in tomato sauce, canned entree","Macaroni et boeuf, sauce aux tomates, conserve",2000-12-22,2011-07-29,22516,,
4922,4922,22,0,"Beef ravioli, mini, in tomato & meat sauce, canned","Ravioli au boeuf, mini, sauce aux tomates et viande, conserve",2000-12-22,2011-07-29,22517,,
4926,4926,22,0,"Stuffed peppers with beef in tomato sauce, frozen","Poivrons farcis, avec boeuf, sauce aux tomates, congelés",2000-12-22,2011-07-29,22569,,
4928,4928,22,0,"Fried chicken, with mashed potatoes and corn in seasoned sauce, frozen","Poulet frit avec purée de pommes de terre et maïs, sauce assaisonnée, congelé",2000-12-22,2011-07-29,22571,,
4929,4929,22,0,"Spaghetti with meatballs and sauce, frozen","Spaghetti avec boulettes de viande et sauce, congelé",2000-12-22,2011-07-29,22572,,
4930,4930,22,0,"Swedish meatballs with pasta, frozen","Boulettes suédoises avec pâtes, congelées",2000-12-22,2011-07-29,22573,,
4934,4934,22,0,"Chicken and vegetables with vermicelli, frozen","Poulet et légumes avec vermicelles, congelé",2000-12-22,2011-07-29,22577,,
4937,4937,22,0,"Spaghetti with meat sauce, frozen","Spaghetti avec sauce à la viande, congelé",2000-12-22,2011-07-29,22580,,
4943,4943,22,0,"Broccoli in cheese flavoured sauce, frozen","Brocoli en sauce à saveur de fromage, congelé",2000-12-22,2011-07-29,22600,,
4949,4949,22,0,"Chicken enchilada Suiza with sour cream sauce and mexican-style rice, frozen","Enchilada Suiza au poulet avec sauce à la crème sure et riz de type mexicain, congelé",2000-12-22,2011-07-29,22611,,
4953,4953,22,0,"Breakfast, burrito, ham & cheese flavour, frozen","Déjeuner, burrito au jambon et fromage, congelé",2000-12-22,2011-07-29,22679,,
4955,4955,22,0,"Beef meal, sliced, with gravy, mashed potatoes and peas in seasoned sauce, frozen","Boeuf en tranches avec sauce, pommes de terre et pois en sauce, congelés",2000-12-22,2011-07-29,22691,,
4957,4957,22,0,"Corned beef hash, canned","Hachis de boeuf salé, conserve",2000-12-22,2011-07-29,22698,,
4958,4958,22,0,"Cheeseburger Macaroni, HAMBURGER HELPER, dry mix, unprepared","Macaroni cheeseburger, HAMBURGER HELPER, mélange sec, non préparé",2000-12-22,2011-07-29,22700,,
4959,4959,22,0,"Alfredo egg noodles in a creamy sauce, dry mix, unprepared","Nouilles aux oeufs, sauce Alfredo, mélange sec, non préparé",2000-12-22,2011-07-29,22702,,
4960,4960,22,0,"Salisbury steak with gravy with mashed potatoes & corn in seasoned sauce, frozen","Bifteck Salisbury et sauce, pommes de terre en purée et maïs avec sauce assaisonnée, congelé",2000-12-22,2011-07-29,22711,,
4966,4966,22,0,"Pasta with meatballs in tomato sauce, canned","Pâtes et boulettes dans une sauce aux tomates, conserve",2000-12-22,2014-04-11,22907,,
4969,4969,1,0,"Cheese, processed spread, cheddar, reduced fat","Fromage fondu à tartiner, cheddar, réduit en M.G.",2000-12-28,2013-02-19,01192,,
4982,4982,14,30,"Coffee, instant, suisse moka flavour, with aspartame and acesulfame potassium, fat free, sugar free, low calorie, powder","Café, instantané, saveur de moka suisse, aspartame et acésulfame de potassium, sans gras, sans sucre, faible en calories, poudre",2000-12-28,2014-03-20,,,
4992,4992,22,0,"Macaroni and cheese, dry mix, unprepared","Macaroni au fromage, mélange sec, non preparé",2000-12-28,2013-04-03,22959,,
4999,4999,6,0,"Sauce, stir fry, ready-to-serve","Sauce, stir fry (sauté), prête-à-servir",2001-03-16,2012-09-14,06130,,
5000,5000,6,0,"Sauce, sweet and sour, ready-to-serve","Sauce, aigre-douce, prête-à-servir",2001-03-16,2012-09-14,06132,,
5003,5003,7,0,"Wiener (frankfurter), fat free","Saucisse fumée, sans gras",2001-03-16,2014-05-30,07246,,
5004,5004,6,0,"Soup, chicken vegetable, chunky, reduced fat and sodium, ready-to-serve","Soupe, poulet et légumes, chunky, teneur réduite en gras et en sodium, prête-à-servir",2001-03-16,2014-11-21,06740,,
5070,5070,8,26,"Cereal, ready-to-eat, Harvest Crunch: Maple Apple, Light and Crisp, Quaker","Céréale, prête-à-manger, Croque Nature: pommes et cannelle, faible en gras, Quaker",2001-05-07,2011-04-01,,,
5080,5080,8,26,"Cereal, hot, oats, instant: baked cinnamon roll, dry, Quaker","Céréale, chaude, avoine (gruau), instantanée: brioche à cannelle, sèche, Quaker",2001-05-07,2014-09-11,,,
5103,5103,8,26,"Cereal, ready to eat, Naturals Cocomotion, U.S. Mills","Céréale, prête-à-manger, Naturals Cocomotion, U.S. Mills",2001-05-07,2014-09-11,,,
5104,5104,8,26,"Cereal, ready to eat, Naturals Wafflers: maple, U.S. Mills","Céréale, prête-à-manger, Naturals Wafflers: érable, U.S. Mills",2001-05-07,2014-09-11,,,
5105,5105,8,26,"Cereal, ready to eat, Naturals Wafflers: original, U.S. Mills","Céréale, prête-à-manger, Naturals Wafflers: original, U.S. Mills",2001-05-07,2014-09-11,,,
5106,5106,8,26,"Cereal, ready to eat, Naturals Wafflers: cinnamon, U.S. Mills","Céréale, prête-à-manger, Naturals Wafflers: cannelle, U.S. Mills",2001-05-07,2014-09-11,,,
5107,5107,8,26,"Cereal, ready to eat, Naturals Wafflers: vanilla nut, U.S. Mills","Céréale, prête-à-manger, Naturals Wafflers: vanille et noix, U.S. Mills",2001-05-07,2014-09-11,,,
5116,5116,8,26,"Cereal, ready to eat, Kashi: apple pie pillows, Kashi","Céréale, prête-à-manger, Kashi: carrés tarte aux pommes, Kashi",2001-05-07,2011-03-03,,,
5117,5117,8,26,"Cereal, ready to eat, Kashi: strawberry crisp pillows, Kashi","Céréale, prête-à-manger, Kashi: carrés croustillants aux fraises, Kashi",2001-05-07,2011-03-03,,,
5125,5125,8,26,"Cereal, ready to eat, Corn Flakes, Leclerc","Céréale, prête-à-manger, flocons de maïs, Leclerc",2001-05-07,2014-09-11,,,
5126,5126,8,38,"Cereal, ready to eat, Crispy Rice, Leclerc","Céréale, prête-à-manger, riz croustillant, Leclerc",2001-05-07,2014-09-11,,,
5127,5127,8,38,"Cereal, ready to eat, Corn Flakes: frosted, Leclerc","Céréale, prête-à-manger, flocons de maïs givrés, Leclerc",2001-05-07,2014-09-11,,,
5128,5128,8,26,"Cereal, ready-to-eat, honey frosted crisp rice with Tweety marshmallows, leclerc","Céréale, prête-à-manger, riz croustillant au miel avec guimauves Tweety, Leclerc",2001-05-07,2011-04-04,,,
5129,5129,8,26,"Cereal, ready to eat, Corn Flakes: maple, Leclerc","Céréale, prête-à-manger, flocons de maïs à l'érable, Leclerc",2001-05-08,2014-09-11,,,
5130,5130,8,26,"Cereal, ready to eat, Puffed Corn: frosted, Leclerc","Céréale, prête-à-manger, maïs soufflé givré, Leclerc",2001-05-08,2014-09-11,,,
5131,5131,8,26,"Cereal, ready to eat, Puffed Wheat: frosted, Leclerc","Céréale, prête-à-manger, blé soufflé givré, Leclerc",2001-05-08,2014-09-11,,,
5140,5140,8,26,"Cereal, hot, oats, organic, dry, Robin Hood","Céréale, chaude, avoine (gruau), biologique, sèche, Robin Hood",2001-05-08,2014-09-11,,,
5146,5146,8,26,"Cereal, ready to eat, Crisipy Wheats, Barbara's Bakery","Céréale, prête-à-manger, Crispy Wheats, Barbara's Bakery",2001-05-09,2014-09-11,,,
5147,5147,8,26,"Cereal, ready to eat, Fruity Punch, Barbara's Bakery","Céréale, prête-à-manger, Fruity Punch, Barbara's Bakery",2001-05-09,2014-09-11,,,
5149,5149,8,26,"Cereal, ready to eat, Puffins: organic, Barbara's Bakery","Céréale, prête-à-manger, Puffins: biologique, Barbara's Bakery",2001-05-09,2014-06-02,,,
5150,5150,8,26,"Cereal, ready to eat, Shredded Oats: organic, Barbara's Bakery","Céréale, prête-à-manger, avoine filamentée biologique, Barbara's Bakery",2001-05-09,2014-09-11,,,
5151,5151,8,26,"Cereal, ready to eat, Shredded Oats: vanilla almond, Barbara's Bakery","Céréale, prête-à-manger, avoine filamentée: vanille et amandes, Barbara's Bakery",2001-05-09,2014-09-11,,,
5154,5154,8,26,"Cereal, ready to eat, Granola: with raisins, low fat, no name, President's Choice","Céréale, prête-à-manger, granola: avec raisins secs, faible en gras, sans nom, Choix du Président",2001-05-09,2011-07-11,,,
5156,5156,8,26,"Cereal, ready to eat, Granola: low fat, no name, President's Choice","Céréale, prête-à-manger, granola: faible en gras, sans nom, Choix du Président",2001-05-09,2011-07-11,,,
5157,5157,8,26,"Cereal, ready to eat, Granola: with fruit and nuts, no name, President's Choice","Céréale, prête-à-manger, granola: avec fruits et noix, sans nom, Choix du Président",2001-05-10,2011-07-11,,,
5159,5159,8,26,"Cereal, ready to eat, Dino Stars, no name, President's Choice","Céréale, prête-à-manger, Dino Stars, sans nom,  Choix du Président",2001-05-10,2011-07-11,,,
5160,5160,8,26,"Cereal, ready to eat, Countdown Arrowroot, President's Choice","Céréale, prête-à-manger, Countdown Arrowroot, Choix du Président",2001-05-10,2011-07-11,,,
5162,5162,8,26,"Cereal, ready to eat, Corn Flakes: lightly toasted, President's Choice","Céréale, prête-à-manger, flocons de maïs légèrment grillés, Choix du Président",2001-05-10,2011-07-11,,,
5163,5163,8,26,"Cereal, ready to eat, Muesli: 30% fruit and nut, President's Choice","Céréale, prête-à-manger, Muesli: 30% de fruits, de noix et de graines, Choix du Président",2001-05-10,2011-07-11,,,
5164,5164,8,26,"Cereal, ready to eat, Puffed Rice: all natural, too good to be true, President's Choice","Céréale, prête-à-manger, riz soufflé: naturel, bon au possible, Choix du Président",2001-05-10,2011-07-11,,,
5165,5165,8,26,"Cereal, ready to eat, Puffed Wheat: all natural, too good to be true, President's Choice","Céréale, prête-à-manger, blé soufflé: naturel, bon au possible, Choix du Président",2001-05-10,2011-07-11,,,
5166,5166,8,26,"Cereal, ready to eat, Ancient Grains Golden Maize Multigrain, too good to be true, President's Choice","Céréale, prête-à-manger, grains anciens"" Golden Maize Multigrain"", bon au possible, Choix du Président",2001-05-10,2011-07-11,,,
5167,5167,8,26,"Cereal, ready to eat, 7 Reasons Multigrain, too good to be true, President's Choice","Céréale, prête-à-manger, céréales multigrains 7 motifs, bon au possible, Choix du Président",2001-05-10,2014-09-11,,,
5192,5192,8,24,"Cereal, hot, oats, instant: baked cinnamon roll, prepared, Quaker","Céréale, chaude, avoine (gruau), instantanée: brioche à la cannelle, préparée, Quaker",2001-05-25,2014-09-11,,,
5202,5202,8,26,"Cereal, ready to eat, Soy Essence, Barbara's Bakery","Céréale, prête-à-manger, Soy Essence, Barbara's Bakery",2001-06-11,2014-09-11,,,
5233,5233,8,26,"Cereal, hot, Red River, instant: maple and brown sugar, dry, Robin Hood","Céréale, chaude, Red River, instantanée: érable et cassonade, sèche, Robin Hood",2001-06-29,2014-09-11,,,
5234,5234,8,24,"Cereal, hot, Red River, instant: maple and brown sugar, prepared, Robin Hood","Céréale, chaude, Red River, instantanée: érable et cassonade, préparée, Robin Hood",2001-06-29,2014-09-11,,,
5235,5235,8,26,"Cereal, hot, Red River, instant: plain, dry, Robin Hood","Céréale, chaude, Red River, instantanée: nature, sèche, Robin Hood",2001-06-29,2014-09-11,,,
5236,5236,8,24,"Cereal, hot, Red River, instant: plain, prepared, Robin Hood","Céréale, chaude, Red River, instantanée: nature, préparée, Robin Hood",2001-06-29,2014-09-11,,,
5237,5237,8,24,"Cereal, hot, oats, organic, prepared, Robin Hood","Céréale, chaude, gruau, biologique, préparée, Robin Hood",2001-07-03,2014-09-11,,,
5242,5242,6,24,"Soup, broccoli and cheese, CUP-A-SOUP, mix, water added","Soupe, brocoli et fromage, CUP-A-SOUP, préparation sèche, eau ajoutée",2001-07-20,2012-09-14,,,
5243,5243,6,24,"Soup, chicken supreme, CUP-A-SOUP, mix, water added","Soupe, poulet suprême, CUP-A-SOUP, préparation sèche, eau ajoutée",2001-07-20,2012-09-14,,,
5244,5244,6,24,"Soup, chicken noodle, CUP-A-SOUP, mix, water added","Soupe, poulet et nouilles, CUP-A-SOUP, préparation sèche, eau ajoutée",2001-07-20,2012-09-14,,,
5245,5245,6,24,"Soup, chicken noodle with meat, CUP-A-SOUP, mix, water added","Soupe, poulet et nouilles avec viande, CUP-A-SOUP, préparation sèche, eau ajoutée",2001-07-20,2012-09-14,,,
5246,5246,6,24,"Soup, cream, chicken, CUP-A-SOUP, mix, water added","Soupe, crème, poulet, CUP-A-SOUP, préparation sèche, eau ajoutée",2001-07-20,2012-09-14,,,
5247,5247,6,24,"Soup, chicken vegetable, CUP-A-SOUP, mix, water added","Soupe, poulet et légumes, CUP-A-SOUP, préparation sèche, eau ajoutée",2001-07-20,2012-09-14,,,
5248,5248,6,24,"Soup, ring noodle, CUP-A-SOUP, mix, water added","Soupe, nouilles anneaux, CUP-A-SOUP, préparation sèche, eau ajoutée",2001-07-20,2012-09-14,06292,,
5249,5249,6,24,"Soup, tomato, CUP-A-SOUP, mix, water added","Soupe, tomates, CUP-A-SOUP, préparation sèche, eau ajoutée",2001-07-20,2012-09-14,,,
5250,5250,6,24,"Soup, green pea, CUP-A-SOUP, mix, water added","Soupe, pois verts, CUP-A-SOUP, préparation sèche, eau ajoutée",2001-07-20,2012-09-14,,,
5251,5251,6,24,"Soup, cream, mushroom, CUP-A-SOUP, mix, water added","Soupe, crème, champignons, CUP-A-SOUP, préparation sèche, eau ajoutée",2001-07-20,2012-09-14,06295,,
5252,5252,6,24,"Soup, spring vegetable, CUP-A-SOUP, mix, water added","Soupe, légumes printaniers, CUP-A-SOUP, préparation sèche, eau ajoutée",2001-07-20,2012-09-14,,,
5259,5259,6,1,"Soup, clam chowder, New England, canned, condensed, 2% M.F. milk added","Soupe, chaudrée de palourdes, Nouvelle-Angleterre, conserve, condensée, lait 2% M.G. ajouté",2001-11-22,2014-08-28,,,
5262,5262,6,1,"Soup, oyster stew, canned, condensed, 2% M.F. milk added","Soupe, huîtres, conserve, condensée, lait 2% M.G. ajouté",2001-11-23,2014-10-01,,,
5264,5264,6,1,"Soup, cream, shrimp, canned, condensed, 2% M.F. milk added","Soupe, crème, crevettes, conserve, condensée, lait 2% M.G. ajouté",2001-11-23,2014-11-20,,,
5265,5265,6,1,"Soup, tomato bisque, canned, condensed, 2% M.F. milk added","Soupe, bisque de tomates, conserve, condensée, lait 2% M.G. ajouté",2001-11-23,2014-08-28,,,
5301,5301,1,0,"Yogourt, vanilla or lemon flavour, fat free, sweetened with artificial sweetener","Yogourt, saveur de vanille ou citron, sans gras, édulcorant artificiel",2004-03-09,2013-04-25,01184,,
5303,5303,1,0,"Yogourt, chocolate, fat free","Yogourt, chocolat, sans gras",2004-03-09,2014-06-09,01187,,
5311,5311,4,0,"Margarine, stick, composite","Margarine, dure, composite",2004-03-09,2015-01-16,04610,,
5312,5312,4,0,"Margarine, tub, composite","Margarine, molle, composite",2004-03-09,2015-01-15,04611,,
5314,5314,4,0,"Margarine-like spread, tub or bottle, vegetable oil, 60% fat","Margarine, tartinade, molle ou en bouteille, huile végétale, 60% M.G.",2004-03-09,2015-01-16,04613,,
5317,5317,4,0,"Shortening, institutional, composite","Shortening, pour établissements, composite",2004-03-09,2011-07-29,04616,,
5318,5318,4,0,"Margarine, stick, composite, unsalted","Margarine, dure, composite, sans sel",2004-03-09,2015-01-16,04617,,
5319,5319,4,0,"Margarine, tub, composite, unsalted","Margarine, molle, composite, sans sel",2004-03-09,2015-01-16,04618,,
5321,5321,4,0,"Margarine-like spread, tub or bottle, vegetable oil, 60% fat, unsalted","Margarine, tartinade, molle ou en bouteille, huile végétale, 60% M.G., sans sel",2004-03-09,2015-01-16,04620,,
5322,5322,4,0,"Margarine-like spread,  liquid, fat free","Margarine, tartinade, liquide, sans gras",2004-03-09,2015-01-16,04624,,
5324,5324,4,0,"Margarine-like spread, tub, calorie-reduced, 40% fat, made with yogourt","Margarine, tartinade, molle, réduite en Calories, 40% M.G., à base de yogourt",2004-03-09,2015-01-16,04627,,
5325,5325,4,0,"Margarine-like spread, vegetable oil, 20% fat","Margarine, tartinade, huile végétale, 20% M.G.",2004-03-09,2015-01-16,04633,,
5326,5326,4,0,"Margarine-like spread, vegetable oil, 20% fat, unsalted","Margarine, tartinade, huile végétale, 20% M.G., sans sel",2004-03-09,2015-01-16,04634,,
5342,5342,6,0,"Soup, bean with ham, canned, reduced sodium, prepared with water or ready-to-serve","Soupe, fèves et jambon, conserve, réduite en sodium, préparée avec de l'eau ou prête-à-servir",2004-03-09,2014-11-21,06190,,
5344,5344,6,0,"Soup, chicken vegetable with potato and cheese, chunky, ready-to-serve","Soupe, poulet et légumes avec potate et fromage, chunky, prête-à-servir",2004-03-09,2014-11-21,06208,,
5345,5345,6,0,"Soup, vegetable, low sodium, canned, condensed","Soupe, aux légumes, faible en sodium, conserve, condensée",2004-03-09,2014-11-20,06217,,
5349,5349,6,0,"Soup, cream, chicken, canned, condensed, reduced sodium","Soupe, crème, poulet, conserve, condensée, réduite en sodium",2004-03-09,2014-11-20,06955,,
5359,5359,6,0,"Soup, chicken noodle, canned, low sodium, water added","Soupe, poulet et nouilles, conserve, hyposodique (faible en sodium), eau ajoutée",2004-03-09,2014-11-13,06966,,
5360,5360,6,0,"Soup, vegetable, low sodium, canned, condensed, water added","Soupe, légumes, hyposodique (faible en sodium), conserve, condensée, eau ajoutée",2004-03-09,2014-11-20,06967,,
5365,5365,6,0,"Sauce, tomato chili sauce, bottled, no salt, low sodium","Sauce, tomate, sauce chili, bouteille, sans sel, hyposodique (faible en sodium)",2004-03-09,2014-04-09,06973,,
5366,5366,6,0,"Soup, vegetable chicken, canned, condensed, low sodium, water added","Soupe,  légumes et poulet, conserve, condensée, hyposodique (faible en sodium), eau ajoutée",2004-03-09,2014-11-20,06974,,
5367,5367,6,0,"Sauce, barbecue, low sodium, ready-to-serve","Sauce, barbecue, faible en sodium, prête-à-servir",2004-03-09,2014-10-30,06975,,
5372,5372,6,0,"Soup, beef stroganoff, chunky, ready-to-serve","Soupe, stroganoff au boeuf, chunky, prête-à-servir",2004-03-09,2014-11-24,06980,,
5374,5374,7,0,"Turkey sausage, reduced fat, brown and serve, cooked","Saucisse, dinde, teneur réduite en gras, semi cuite, cuite",2004-03-09,2014-07-16,07066,,
5375,5375,7,0,"Sausage, turkey, pork, and beef, low fat, smoked","Saucisse, dinde, porc et boeuf, faible en gras, fumée",2004-03-09,2014-07-16,07900,,
5380,5380,7,0,"Bologna (baloney), chicken, turkey, pork","Saucisson de bologne, poulet, dinde et porc",2004-03-09,2013-09-27,07952,,
5382,5382,7,0,"Beef sausage, pre-cooked","Saucisse au boeuf, précuite",2004-03-09,2014-07-16,07954,,
5383,5383,7,0,"Turkey sausage, fresh, raw","Saucisse, dinde, fraîche, crue",2004-03-09,2014-07-16,07955,,
5385,5385,7,0,"Pork and turkey sausage, pre-cooked","Saucisse, porc et dinde, précuite",2004-03-09,2014-07-16,07957,,
5386,5386,7,0,"Turkey sausage, fresh, cooked","Saucisse, dinde, fraîche, cuite",2004-03-09,2014-07-16,07958,,
5387,5387,7,0,"Bologna (baloney), chicken, pork, beef","Saucisson de bologne, poulet, porc, boeuf",2004-03-09,2013-09-27,07959,,
5388,5388,7,0,"Bologna (baloney), chicken, pork","Saucisson de bologne, poulet, porc",2004-03-09,2013-09-27,07960,,
5460,5460,7,35,"Turkey ham, sliced, extra lean, prepackaged or deli-sliced","Jambon de dinde (jambonette), tranché, extra-maigre, charcuterie",2004-03-09,2013-10-03,42128,,
5461,5461,7,35,"Bologna (baloney), beef and pork, low fat","Saucisson de bologne, boeuf et porc, faible en gras",2004-03-09,2013-09-27,42129,,
5477,5477,7,35,"Bologna (baloney), beef, low fat","Saucisson de bologne, boeuf, faible en gras",2004-03-09,2013-09-27,42161,,
5479,5479,7,35,"Turkey and pork sausage, fresh, bulk, patty or link, cooked","Saucisse, dinde et porc, fraîche, en vrac, gallette ou chapelet, cuite",2004-03-09,2014-07-16,42173,,
5481,5481,7,35,"Wiener (frankfurter), beef, low fat","Saucisse fumée, boeuf, faible en gras",2004-03-09,2013-05-21,42179,"Saucisses fumeés, boeuf, faible en gras",
5482,5482,14,35,"Beverage, corn","Boisson, maïs",2004-03-09,2013-03-21,42181,,
5488,5488,7,35,"Pork sausage rice links, brown and serve, cooked","Saucisse, porc et riz, chapelet, précuite, cuite",2004-03-09,2014-07-16,42190,,
5494,5494,1,35,"Cheese, processed, cheddar, fat free","Fromage fondu, cheddar, sans gras",2004-03-09,2013-02-19,42205,,
5500,5500,1,35,"Cheese, processed, cheddar, reduced fat","Fromage fondu, cheddar, réduit en gras",2004-03-09,2013-02-19,42258,,
5502,5502,7,35,"Sausage, chicken and beef, smoked","Saucisse, poulet et boeuf, fumée",2004-03-09,2014-07-16,42262,,
5506,5506,7,35,"Wiener (frankfurter), low fat","Saucisse fumée, viande et volaille, faible en gras",2004-03-09,2013-05-21,42280,,
5559,5559,1,35,"Yogourt, fruit variety, fat free","Yogourt, variété de fruits, sans gras",2004-03-09,2013-04-25,43261,,
5564,5564,1,35,"Cheese, processed, cheddar, low fat","Fromage fondu, cheddar, faible en gras",2004-03-09,2013-02-19,43275,,
5576,5576,10,35,"Pork, cured, ham, lean and fat, cooked, reduced sodium","Porc, salé, jambon, faible en sodium, maigre et gras, cuit",2004-03-09,2014-06-13,43326,,
5581,5581,14,0,"Coffee, instant, mocha, powder, with whitener and artificial sweetener","Café instantané, saveur moka, poudre, avec colorant à café et édulcorant artificiel",2004-03-09,2013-03-21,43343,,
5590,5590,14,35,"Drink, apple cider flavour, powder, added vitamin C and sugar","Boisson, saveur de cidre doux, poudre, vitamine C et sucre ajoutés",2004-03-09,2013-03-21,43372,,
5594,5594,7,35,"Deli-meat, Bologna (baloney), mixed meat, reduced sodium","Saucisson de bologne, boeuf, réduit en sodium",2004-03-09,2014-06-12,43384,,
5596,5596,14,35,"Drink, apple cider flavour, powder, low calorie, with vitamin C, water added","Boisson, saveur de cidre doux, poudre, hypocalorique, vitamine C ajoutée, eau ajoutée",2004-03-09,2013-03-21,43388,,
5621,5621,4,35,"Salad dressing, mayonnaise, reduced fat, no cholesterol","Vinaigrette, mayonnaise, teneur réduite en gras, sans cholestérol",2004-03-09,2014-04-11,43599,,
5668,5668,7,0,"Bratwurst, veal, cooked","Saucisse bratwurst, veau, cuite",2004-03-09,2014-07-16,07910,,
5670,5670,7,0,Roast beef spread,"Rôti de boeuf, tartinade",2004-03-09,2013-09-27,07912,,
5671,5671,7,0,"Salami, pork, beef, reduced sodium","Salami, porc et boeuf, moins de sodium",2004-03-09,2013-10-03,07913,,
5672,5672,7,0,"Sausage, Italian, sweet, link","Saucisse, Italienne, douce, chapelet",2004-03-09,2014-07-16,07914,,
5673,5673,7,0,"Sausage, Polish, beef with chicken, hot","Saucisson polonais, boeuf et poulet, épicé",2004-03-09,2014-07-16,07915,,
5676,5676,7,0,"Sausage, summer, pork and beef, sticks, with cheddar cheese","Saucisse d'été, porc et boeuf, bâtonnets, avec fromage cheddar",2004-03-09,2014-07-16,07918,,
5686,5686,7,0,"Sausage, chicken, beef, pork, skinless, smoked","Saucisse, poulet, boeuf, porc, sans peau, fumée",2004-03-09,2014-07-16,07928,,
5688,5688,7,0,"Yachtwurst, with pistachio nuts, cooked","Saucisse, ""yachtwurst"", avec pistaches, cuite",2004-03-09,2013-10-03,07930,,
5690,5690,7,0,"Chicken breast, fat free, mesquite flavour, sliced","Poulet, poitrine, sans gras, saveur de mesquite, tranché",2004-03-09,2013-10-03,07932,,
5695,5695,7,0,"Bologna (baloney), pork, turkey and beef","Saucisson de bologne, porc, dinde et boeuf",2004-03-09,2013-09-27,07937,,
5697,5697,7,0,"Wiener (frankfurter), pork","Saucisse fumée, porc",2004-03-09,2013-05-21,07939,,
5700,5700,7,0,"Pâté, truffle flavour","Pâté de foie, truffles",2004-03-09,2014-06-26,07942,,
5701,5701,7,0,"Turkey, breast, smoked, lemon pepper flavour, 97% fat free","Poitrine de dinde, fumée, poivre citronné, 97% sans gras",2004-03-09,2013-10-03,07943,,
5703,5703,7,0,"Wiener (frankfurter), beef, heated","Saucisse fumée, boeuf, chauffée",2004-03-09,2013-05-21,07945,,
5704,5704,7,0,"Wiener (frankfurter), meat, heated","Saucisse fumée, viande, chauffée",2004-03-09,2013-05-21,07949,,
5756,5756,4,23,"Margarine, tub, canola and safflower oils, RSF (reduced saturated fat), Becel","Margarine, molle, huiles de canola et carthame, RGS (réduite en graisses saturées), Becel",2004-11-08,2015-01-14,,,
5757,5757,4,23,"Margarine, tub, with olive oil, Becel","Margarine, molle, avec huile d'olive, Becel",2004-11-08,2015-01-15,,,
5941,5941,14,0,"Energy drink, RED BULL, added caffeine, niacin, pantothenic acid, vitamins B6 and B12","Boisson énergisante, RED BULL, caféine, niacine, acide pantothénique, vitamines B6 et B12 ajoutés",2005-12-16,2013-10-24,14154,,
5942,5942,13,23,"Beef, chuck, blade roast, boneless, lean and fat, 0mm (0'') trim, raw","Boeuf, épaule, rôti de palette, désossé, maigre et gras, 0mm (0'') paré, cru",2006-01-06,2014-07-29,,,
5947,5947,13,23,"Beef, chuck, blade roast, boneless, lean and fat, 0mm (0'') trim, cooked, braised","Boeuf, épaule, rôti de palette, désossé, maigre et gras, 0mm (0'') paré, cuit, braisé",2006-01-16,2014-08-14,,,
5951,5951,13,23,"Beef, chuck, blade steak, boneless, lean and fat, 3mm (1/8"") trim, raw","Boeuf, épaule, bifteck de palette, désossé, maigre et gras, 3mm (1/8"") paré, cru",2006-01-16,2014-08-14,,,
5953,5953,13,23,"Beef, chuck, blade steak, with bone, lean and fat, 0mm (0"") trim, cooked, braised","Boeuf, épaule, bifteck de palette, avec os, maigre et gras, 0mm (0"") paré, cuit,braisé",2006-01-16,2014-08-14,,,
5954,5954,13,23,"Beef, chuck, blade steak, with bone, lean and fat, 0mm (0"") trim, cooked, braised","Boeuf, épaule, bifteck de palette, avec os, maigre et gras, 0mm (0"") paré, cuit, braisé",2006-01-16,2014-09-04,23140,,
5985,5985,13,23,"Beef, chuck, cross rib steak, boneless, lean and fat, 0mm (0"") trim, raw","Boeuf, épaule, bifteck de côtes croisées, désossé, maigre et gras, 0mm (0"") paré, cru",2006-03-02,2014-08-14,,,
5986,5986,13,23,"Beef, chuck, cross rib steak, boneless, lean and fat, 3mm (1/8"") trim, raw","Boeuf, épaule, bifteck de côtes croisées, désossé, maigre et gras, 3mm (1/8"") paré, cru",2006-03-02,2014-08-14,,,
5987,5987,13,23,"Beef, chuck, cross rib steak, boneless, lean, raw","Boeuf, épaule, bifteck de côtes croisées, désossé, maigre, cru",2006-03-02,2014-08-14,,,
5988,5988,13,23,"Beef, chuck, cross rib steak, boneless, lean and fat, 0mm (0"") trim, cooked. braised","Boeuf, épaule, bifteck de côtes croisées, désossé, maigre et gras, 0mm (0"") paré, cuit, braisé",2006-03-02,2014-08-14,,,
5992,5992,13,23,"Beef, hip, eye of round roast, boneless, lean and fat, 3mm (1/8"") trim, raw","Boeuf, cuisse, rôti de noix de ronde, désossé, maigre et gras, 3mm (1/8"") paré, cru",2006-03-02,2014-09-04,,,
5995,5995,13,23,"Beef, hip, eye of round roast, boneless, lean and fat, 3mm (1/8"") trim, cooked, roasted","Boeuf, cuisse, rôti de noix de ronde, désossé, maigre et gras, 3mm (1/8"") paré, cuit, rôti",2006-03-02,2014-09-04,,,
5998,5998,13,23,"Beef, hip, eye of round steak, boneless, lean and fat, 3mm (1/8"") trim, raw","Boeuf, cuisse, bifteck de noix de ronde, désossé, maigre et gras, 3mm (1/8"") paré, cru",2006-03-02,2014-08-14,,,
6001,6001,13,23,"Beef, hip, eye of round steak, boneless, lean and fat, 3mm (1/8"") trim, cooked, braised","Boeuf, cuisse, bifteck de noix de ronde, désossé, maigre et gras, 3mm (1/8"") paré, cuit, braisé",2006-03-02,2014-08-14,,,
6003,6003,4,23,"Margarine, tub, canola oil (non-hydrogenated), President's Choice, CELEB","Margarine, molle, huile de canola (non-hydrogenée), Choix de President, CELEB",2006-03-02,2015-01-15,,,
6004,6004,4,23,"Margarine, tub, soya oil (liquid and hydrogenated), Selection, MERITE","Margarine, molle, huile de soya (liquide et hydrogenée), Selection, MERITE",2006-03-07,2015-01-12,,,
6005,6005,4,23,"Margarine, tub, canola oil (liquid and hydrogenated), SMART CHOICE","Margarine, molle, huile de canola (liquide et hydrogenée), SMART CHOICE",2006-03-07,2015-01-14,,,
6006,6006,4,23,"Margarine, tub, soya and canola oils (liquid and hydrogenated), SMART CHOICE","Margarine, molle, huiles de soya et canola (liquide et hydrogenée), SMART CHOICE",2006-03-09,2015-01-12,,,
6007,6007,4,23,"Margarine, tub, canola and soya oils (liquid and hydrogenated), NO NAME","Margarine, molle, huiles de canola et soya (liquide et hydrogenée), SANS NOM",2006-03-09,2015-01-12,,,
6008,6008,4,23,"Margarine, tub, soya oil (liquid and hydrogenated), NO NAME","Margarine, molle, huile de soya (liquide et hydrogenée), SANS NOM",2006-03-13,2015-01-12,,,
6009,6009,4,23,"Margarine, tub, canola and safflower oils (non-hydrogenated), BECEL","Margarine, molle, huiles de canola et carthame (non-hydrogenée), BECEL",2006-03-13,2015-01-14,,,
6010,6010,4,23,"Margarine, tub, soya oil (non-hydrogenated), IMPERIAL","Margarine, molle, huile de soya (non-hydrogenée), IMPERIAL",2006-03-14,2015-01-12,,,
6011,6011,4,23,"Margarine, tub, soya oil (liquid and hydrogenated+buttermilk solids), LACTANTIA","Margarine, tub, huile de soya (liquide et hydrogenée+solides de babeurre), LACTANTIA",2006-03-16,2015-01-12,,,
6012,6012,4,23,"Margarine, tub, unspecified vegetable oils (hydrogenated), CHEFMASTER","Margarine, molle, huiles végétales non-précisées (hydrogenée), CHEFMASTER",2006-03-16,2015-01-15,,,
6013,6013,4,23,"Margarine, tub, soya oil (liquid and hydrogenated), MIRAGE","Margarine, molle, huile de soya (liquide et hydrogenée), MIRAGE",2006-03-21,2015-01-12,,,
6014,6014,4,23,"Margarine, tub, olive oil (non-hydrogenated), OLIVINA","Margarine, molle, huile d'olive (non-hydrogenée), OLIVINA",2006-03-22,2015-01-15,,,
6015,6015,4,23,"Margarine, tub, soya oil (non-hydrogenated), I CAN'T BELIEVE IT'S NOT BUTTER","Margarine, tub, huile de soya (non-hydrogenée), I CAN'T BELIEVE IT'S NOT BUTTER",2006-03-22,2015-01-12,,,
6016,6016,4,23,"Margarine, tub, canola oil (non-hydrogenated), Healthy Attitude, Lactantia","Margarine, molle, huile de canola (non-hydrogenée), Attitude Santé, Lactantia",2006-03-23,2015-01-15,,,
6017,6017,4,23,"Margarine, tub, canola oil (non-hydrogenated), Healthy Attitude Omega-3, LACTANTIA","Margarine, molle, huile de canola (non-hydrogenée), Attitude Santé, Omega-3, LACTANTIA",2006-03-23,2015-01-15,,,
6021,6021,13,23,"Beef, flank, flank steak, boneless, lean and fat, 3mm (1/8"") trim, raw","Boeuf, flanc, bifteck de flanc, désossé, maigre et gras, 3mm (1/8"") paré, cru",2006-03-27,2014-08-14,,,
6024,6024,13,23,"Beef, flank, flank steak, boneless, lean and fat, 3mm (1/8"") trim, cooked, braised","Boeuf, flanc, bifteck de flanc, désossé, maigre et gras, 3mm (1/8"") paré, cuit, braisé",2006-03-27,2014-08-14,,,
6027,6027,13,23,"Beef, hip, inside (top) round roast, boneless, lean and fat, 3mm (1/8"") trim, raw","Boeuf, cuisse, ronde, rôti d'intérieur, désossé, maigre et gras, 3mm (1/8"") paré, cru",2006-03-28,2014-09-05,,,
6030,6030,13,23,"Beef, hip, inside (top) round roast, boneless, lean and fat, 3mm (1/8"") trim, cooked, roasted","Boeuf, cuisse, ronde, rôti d'intérieur, désossé, maigre et gras, 3mm (1/8"") paré, cuit, rôti",2006-03-28,2014-09-05,,,
6047,6047,13,23,"Beef, hip, outside (bottom) round steak, boneless, lean, raw","Boeuf, cuisse, ronde, bifteck d'extérieur, désossé maigre, cru",2006-04-04,2014-09-03,,,
6051,6051,4,23,"Margarine, tub, soya oil (non-hydrogenated), FLEISCHMANN'S","Margarine, molle, huile de soya (non-hydrogenée), FLEISCHMANN'S",2006-04-04,2015-01-12,,,
6052,6052,4,23,"Margarine, tub, canola oil (liquid and hydrogenated), CANOLA HARVEST","Margarine, molle, huile de canola (liquide et hydrogenée), CANOLA HARVEST",2006-04-04,2015-01-14,,,
6053,6053,4,23,"Margarine, tub, soya oil (liquid and hydrogenated), THIBAULT","Margaine, molle, huile de soya (liquide et hydrogenée), THIBAULT",2006-04-04,2015-01-12,,,
6054,6054,4,23,"Margarine, tub, canola oil (non-hydrogenated), NUVEL","Margarine, molle, huile de canola (non-hydrogenée), NUVEL",2006-04-04,2015-01-16,,,
6055,6055,4,23,"Margarine, tub, soya oil (liquid and hydrogenated), SMART CHOICE","Margarine, molle, huile de soya (liquide et hydrogenée), SMART CHOICE",2006-04-06,2015-01-12,,,
6056,6056,4,23,"Margarine, tub, 80% unspecified vegetable oils (liquid and hydrogenated), COMPLIMENTS","Margarine, molle, 80% huile végétale non-précisée (liquide et hydrogenée), COMPLIMENTS",2006-04-06,2015-01-14,,,
6057,6057,4,23,"Margarine, tub, canola oil (liquid and hydrogenated), COMPLIMENTS","Margarine, molle, huile de canola (liquide et hydrogenée), COMPLIMENTS",2006-04-06,2015-01-14,,,
6058,6058,4,23,"Margarine, tub, canola and safflower oils (non-hydrogenated), unsalted, BECEL","Margarine, molle, huiles de canola et carthame (non-hydrogenée), sans sel, BECEL",2006-04-06,2015-01-14,,,
6059,6059,4,23,"Margarine, tub, soya oil (non-hydrogenated), unsalted, FLEISCHMANN'S","Margarine, molle, huile de soya (non-hydrogenée), sans sel, FLEISCHMANN'S",2006-04-10,2015-01-12,,,
6060,6060,13,23,"Beef, rib, rib eye roast, boneless, lean and fat, 0mm (0"") trim, raw","Boeuf, côte, rôti de faux-filet, désossé, maigre et gras, 0mm (0"") paré, cru",2006-04-11,2014-08-14,,,
6063,6063,13,23,"Beef, rib, rib eye roast, boneless, lean and fat, 0mm (0"") trim, cooked, roasted","Boeuf, côte, rôti de faux-filet, désossé, maigre et gras, 0mm (0"") paré, cuit, rôti",2006-04-11,2014-08-14,,,
6067,6067,13,23,"Beef, rib, rib eye steak, boneless, lean and fat, 3mm (1/8"") trim, raw","Boeuf, côte, bifteck de faux-filet, désossé, maigre et gras, 3mm (1/8"") paré, cru",2006-04-11,2014-08-14,,,
6070,6070,13,23,"Beef, rib, rib eye steak, boneless, lean and fat, 3mm (1/8"") trim, cooked, broiled","Boeuf, côte, bifteck de faux-filet, désossé, maigre et gras, 3mm (1/8"") paré, cuit, grillé",2006-04-11,2014-08-14,,,
6072,6072,4,23,"Margarine, stick, soy and canola oils (hydrogenated), IMPERIAL","Margarine, dure, huiles de soya et canola (hydrogenées), IMPERIAL",2006-04-11,2015-01-12,,,
6073,6073,4,23,"Margarine, stick, soya and canola oils (hydrogenated), PARKAY","Margarine, dure, huiles de soya et canola (hydrogenées), PARKAY",2006-04-11,2015-01-12,,,
6074,6074,4,23,"Margarine, stick, unspecified vegetable oils (hydrogenated), BLUE BONNET","Margarine, dure, huile végétale non précisée, (hydrogenée), BLUE BONNET",2006-04-13,2015-01-12,,,
6075,6075,4,23,"Margarine, tub, canola and safflower oils (non-hydrogenated), calorie-reduced (40% fat), BECEL","Margarine, molle, huiles de canola et carthame (non-hydrogenée), réduite en Calories (40% M.G.), BECEL",2006-04-13,2015-01-14,,,
6076,6076,4,23,"Margarine, tub, soya oil (non-hydrogenated), calorie-reduced (40% fat), I CAN'T BELIEVE IT'S NOT BUTTER","Margarine, molle, huile de soya (non-hydrogenée), réduite en Calorie (40% M.G.), I CAN'T BELIEVE IT'S NOT BUTTER",2006-04-13,2015-01-12,,,
6077,6077,13,23,"Beef, rib, rib roast with bone, lean and fat, 0mm (0 "") trim, raw","Boeuf, côte, rôti de côte avec os, maigre et gras, 0mm (0 "") paré, cru",2006-04-21,2014-09-05,,,
6080,6080,13,23,"Beef, rib, rib roast with bone, lean and fat, 0mm (0"") trim, cooked, roasted","Boeuf, côte, rôti de côte avec os, maigre et gras, 0mm (0"") paré, cuit, grillé",2006-04-21,2014-09-05,,,
6083,6083,13,23,"Beef, rib, rib steak with bone, lean and fat, 0mm (0"") trim, raw","Boeuf, côte, bifteck de côte avec os, maigre et gras, 0mm (0"") paré, cru",2006-04-21,2014-09-05,,,
6084,6084,13,23,"Beef, rib, rib steak with bone, lean and fat, 3mm (1/8"") trim, raw","Boeuf, côte, bifteck de côte avec os, maigre et gras, 3mm (1/8"") paré, cru",2006-04-21,2014-09-05,,,
6085,6085,13,23,"Beef, rib, rib steak with bone, lean, raw","Boeuf, côte, bifteck de côte avec os, maigre, cru",2006-04-21,2014-09-05,,,
6086,6086,13,23,"Beef, rib, rib steak with bone, lean and fat, 0mm (0"") trim, cooked, broiled","Boeuf, côte, bifteck de côte avec os, maigre et gras, 0mm (0"") paré, cuit, grillé",2006-04-21,2014-09-05,,,
6087,6087,13,23,"Beef, rib, rib steak with bone, lean and fat, 3mm (1/8"") trim, cooked, broiled","Boeuf, côte, bifteck de côte avec os, maigre et gras, 3mm (1/8"") paré, cuit, grillé",2006-04-21,2014-09-05,,,
6088,6088,13,23,"Beef, rib, rib steak with bone, lean, cooked, broiled","Boeuf, côte, bifteck de côte avec os, maigre, cuit, grillé",2006-04-21,2014-09-05,,,
6096,6096,13,23,"Beef, hip, sirloin tip steak, boneless, lean and fat, 3mm (1/8"") trim, raw","Boeuf, cuisse, bifteck de pointe de surlonge, désossé, maigre et gras, 3mm (1/8"") paré, cru",2006-04-26,2014-08-14,,,
6097,6097,13,23,"Beef, hip, sirloin tip steak, boneless, lean, raw","Boeuf, cuisse, bifteck de pointe de surlonge, désossé, maigre, cru",2006-04-26,2014-08-14,,,
6099,6099,13,23,"Beef, hip, sirloin tip steak, boneless, lean and fat, 3mm (1/8"") trim, cooked, braised","Boeuf, cuisse, bifteck de pointe de surlonge, désossé, maigre et gras, 3mm (1/8"") paré, cuit, braisé",2006-04-26,2014-08-14,,,
6100,6100,13,23,"Beef, hip, sirloin tip steak, boneless, lean, cooked, braised","Boeuf, cuisse, bifteck de pointe de surlonge, désossé, maigre, cuit, braisé",2006-04-26,2014-08-14,,,
6101,6101,13,23,"Beef, loin, strip loin roast, boneless, lean and fat, 0mm (0"") trim, raw","Boeuf, longe, rôti de contre-filet, désossé, maigre et gras, 0mm (0"") paré, cru",2006-05-03,2014-08-27,,,
6103,6103,13,23,"Beef, loin, strip loin roast, boneless, lean, raw","Boeuf, longe, rôti de contre-filet, désossé, maigre, cru",2006-05-03,2014-08-27,,,
6104,6104,13,23,"Beef, loin, strip loin roast, boneless, lean and fat, 0mm (0"") trim, cooked, roasted","Boeuf, longe, rôti de contre-filet, désossé, maigre et gras, 0mm (0"") paré, cuit, rôti",2006-05-03,2014-08-27,,,
6106,6106,13,23,"Beef, loin, strip loin roast, boneless, lean, cooked, roasted","Boeuf, longe, rôti de contre-filet, désossé, maigre, cuit, rôti",2006-05-03,2014-08-27,,,
6113,6113,13,23,"Beef, loin, t-bone steak (porterhouse), lean and fat, 0mm (0"") trim, raw","Boeuf, longe, bifteck d'aloyau (gros filet), maigre et gras, 0mm (0"") paré, cru",2006-05-09,2014-08-27,,,
6116,6116,13,23,"Beef, loin, t-bone steak (porterhouse), lean and fat, 0mm (0"") trim, cooked, broiled","Boeuf, longe, bifteck d'aloyau (gros filet), maigre et gras, 0mm (0"") paré, cuit, grillé",2006-05-09,2014-08-27,,,
6124,6124,13,23,"Beef, loin, tenderloin, roast, lean and fat, 3mm (1/8"") trim, raw","Boeuf, longe, filet, rôti, maigre et gras, 3mm (1/8"") paré, cru",2006-05-18,2014-08-27,,,
6127,6127,13,23,"Beef, loin, tenderloin, roast, lean and fat, 3mm (1/8"") trim, cooked, roasted","Boeuf, longe, filet, rôti, maigre et gras, 3mm (1/8"") paré, cuit, rôti",2006-05-18,2014-08-27,,,
6130,6130,13,23,"Beef, loin, tenderloin, steak, lean and fat, 3mm (1/8"") trim, raw","Boeuf, longe, filet, bifteck, maigre et gras, 3mm (1/8"") paré, cru",2006-05-18,2014-08-27,,,
6133,6133,13,23,"Beef, loin, tenderloin, steak, lean and fat, 3mm (1/8"") trim, cooked, broiled","Boeuf, longe, filet, bifteck, maigre et gras, 3mm (1/8"") paré, cuit, grillé",2006-05-18,2014-08-27,,,
6135,6135,13,23,"Beef, loin, top sirloin roast, boneless, lean and fat, 0mm (0"") trim, raw","Boeuf, longe, rôti de haut de surlonge, désossé, maigre et gras, 0mm (0"") paré, cru",2006-05-24,2014-08-27,,,
6136,6136,13,23,"Beef, loin, top sirloin roast, boneless, lean and fat, 3mm (1/8"") trim, raw","Boeuf, longe, rôti de haut de surlonge, désossé, maigre et gras, 3mm (1/8"") paré, cru",2006-05-24,2014-09-04,,,
6138,6138,13,23,"Beef, loin, top sirloin roast, boneless, lean and fat, 0mm (0"") trim, cooked, roasted","Boeuf, longe, rôti de haut de surlonge, désossé, maigre et gras, 0mm (0"") paré, cuit, rôti",2006-05-24,2014-08-27,,,
6139,6139,13,23,"Beef, loin, top sirloin roast, boneless, lean and fat, 3mm (1/8"") trim, cooked, roasted","Boeuf, longe, rôti de haut de surlonge, désossé, maigre et gras, 3mm (1/8"") paré, cuit, rôti",2006-05-24,2014-08-27,,,
6141,6141,13,23,"Beef, loin, top sirloin steak, boneless, lean and fat, 0mm (0"") trim, raw","Boeuf, longe, bifteck de haut de surlonge, désossé, maigre et gras, 0mm (0"") paré, cru",2006-05-24,2014-09-03,,,
6148,6148,13,23,"Beef, loin, bottom sirloin tri-tip roast, boneless, lean and fat, 3mm (1/8"") trim, raw","Boeuf, longe, rôti de triangle de bas de surlonge, désossé, maigre et gras, 3mm (1/8"") paré, cru",2006-05-29,2014-08-27,,,
6151,6151,13,23,"Beef, loin, bottom sirloin tri-tip roast, boneless, lean and fat, 3mm (1/8'') trim, cooked, roasted","Boeuf, longe, rôti de triangle de bas de surlonge, désossé, maigre et gras, 3mm (1/8'') paré, cuit, rôti",2006-05-29,2014-08-27,,,
6153,6153,13,23,"Beef, loin, bottom sirloin tri-tip steak, boneless, lean and fat, 0mm (0'') trim, raw","Boeuf, longe, bifteck de triangle de bas de surlonge, désossé, maigre et gras, 0mm (0'') paré, cru",2006-05-29,2014-09-04,,,
6154,6154,13,23,"Beef, loin, bottom sirloin tri-tip steak, boneless, lean and fat, 3mm (1/8'') trim, raw","Boeuf, longe, bifteck de triangle de bas de surlonge, désossé, maigre et gras, 3mm (1/8'') paré, cru",2006-05-29,2014-09-04,,,
6155,6155,13,23,"Beef, loin, bottom sirloin tri-tip steak, boneless, lean, raw","Boeuf, longe, bifteck de triangle de bas de surlonge, désossé, maigre, cru",2006-05-29,2014-09-04,,,
6157,6157,13,23,"Beef, loin, bottom sirloin tri-tip steak, boneless, lean and fat, 3mm (1/8'') trim, cooked, broiled","Boeuf, longe, bifteck de triangle de bas de surlonge, désossé, maigre et gras, 3mm (1/8'') paré, cuit, grillé",2006-05-29,2014-08-27,,,
6158,6158,13,23,"Beef, loin, bottom sirloin tri-tip steak, boneless, lean, cooked, broiled","Boeuf, longe, bifteck de triangle de bas de surlonge, désossé, maigre, cuit, grillé",2006-05-29,2014-09-08,,,
6163,6163,13,23,"Beef, composite cuts, roast, lean and fat, 0mm (0"") trim, raw","Boeuf, coupes diverses, rôti, maigre et gras, 0mm (0"") paré, cru",2006-07-10,2014-09-29,,,
6164,6164,13,23,"Beef, composite cuts, roast, lean and fat, 3mm (1/8"") trim, raw","Boeuf, coupes diverses, rôti, maigre et gras, 3mm (1/8"") paré, cru",2006-07-10,2014-09-29,,,
6165,6165,13,23,"Beef, composite cuts, roast, lean, raw","Boeuf, coupes diverses, rôti, maigre, cru",2006-07-10,2014-09-29,,,
6166,6166,13,23,"Beef, composite cuts, roast, lean and fat, 0mm (0"") trim, cooked","Boeuf, coupes diverses, rôti, maigre et gras, 0mm (0"") paré, cuit",2006-07-10,2014-09-29,,,
6167,6167,13,23,"Beef, composite cuts, roast, lean and fat, 3mm (1/8"") trim, cooked","Boeuf, coupes diverses, rôti, maigre et gras, 3mm (1/8"") paré, cuit",2006-07-10,2014-09-29,,,
6168,6168,13,23,"Beef, composite cuts, roast, lean, cooked","Boeuf, coupes diverses, rôti, maigre, cuit",2006-07-10,2014-09-29,,,
6170,6170,13,23,"Beef, composite cuts, steak, lean and fat, 3mm (1/8"") trim, raw","Boeuf, coupes diverses, bifteck, maigre et gras, 3mm (1/8"") paré, cru",2006-07-10,2014-09-29,,,
6171,6171,13,23,"Beef, composite cuts, steak, lean, raw","Boeuf, coupes diverses, bifteck, maigre, cru",2006-07-10,2014-09-29,,,
6173,6173,13,23,"Beef, composite cuts, steak, lean and fat, 3mm (1/8"") trim, cooked","Boeuf, coupes diverses, bifteck, maigre et gras, 3mm (1/8"") paré, cuit",2006-07-10,2014-09-29,,,
6174,6174,13,23,"Beef, composite cuts, steak, lean, cooked","Boeuf, coupes diverses, bifteck, maigre, cuit",2006-07-10,2014-09-29,,,
6241,6241,21,11,"Fast foods, sandwiches and burgers, cheeseburger, large, single patty, with condiments and vegetables","Aliments prêts à manger, sandwichs et burgers, hambourgeois au fromage,  gros, 1 galette, avec condiments et légumes",2006-11-29,2015-04-29,,,
6271,6271,18,23,"Granola snack, Nutri-grain munch'ems, bite size, honey oat, Kellogg's","Collation granola, Nutri-grain munch'ems, bouchées, avoine et miel, Kellogg's",2006-12-13,2013-10-08,,,
6272,6272,18,23,"Granola snack, Nutri-grain munch'ems, bite size, brown sugar cinnamon, Kellogg's","Collation granola, Nutri-grain munch'ems, bouchées, cassonade et cannelle, Kellogg's",2006-12-13,2013-10-08,,,
6274,6274,18,23,"Cookie, oat bran, digestive, Simple Pleasure, Dare","Biscuit, son d'avoine, digestif, Petits Plaisirs, Dare",2006-12-15,2013-10-08,,,
6277,6277,14,0,"Energy drink, RED BULL, sugar free, with added caffeine, niacin, pantothenic acid, vitamin B6 and B12","Boisson énergisante, RED BULL, sans sucre, caféine, niacin, acide pantothénique, vitamin B6 et B12 ajoutés",2007-01-18,2013-10-24,14156,,
6290,6290,1,26,"Yogourt type, fresh cheese and fruit puree, all flavours, MINIGO, YOPLAIT","Type yogourt, fromage frais et purée de fruits, toutes les saveurs, MINIGO, YOPLAIT",2007-06-28,2013-04-25,,,
6293,6293,1,26,"Yogourt, fruit variety, fat free, vitamin A and D added, with sucralose, SOURCE, YOPLAIT","Yogourt, variétés de fruits, sans gras, vitamines A et D ajoutées, sucré au sucralose, SOURCE, YOPLAIT",2007-06-28,2013-04-25,,,
6294,6294,1,26,"Yogourt, plain, fat free, vitamin A and D added, SOURCE, YOPLAIT","Yogourt, nature, sans gras, vitamines A et D ajoutées, SOURCE, YOPLAIT",2007-06-28,2013-04-25,,,
6295,6295,1,26,"Yogourt, stirred or swiss style, fruit and vanilla flavours, 2% to 4% M.F.","Yogourt, brassé ou à la suisse, saveurs de fruits et vanille, 2% à 4% M.G.",2007-06-28,2013-04-25,,,
6296,6296,1,26,"Yogourt, stirred or swiss style, fruit and vanilla flavours, fat free","Yogourt, brassé ou à la suisse, saveurs de fruits et vanille, sans gras",2007-06-28,2013-04-25,,,
501504,7100,4,24,"Margarine, tub, composite, non-hydrogenated","Margarine, molle, composite, non-hydrogenée",2008-04-30,2015-01-16,,,
501511,6314,5,0,"Chicken nuggets, frozen, cooked","Poulet, croquette, congelée, cuite",2008-05-26,2014-04-09,05321,,
501512,6315,5,0,"Chicken nuggets, frozen, uncooked","Poulet, croquette, congelée, non cuite",2008-05-26,2014-04-09,05322,,
501659,6441,7,0,"Deli-meat, ham, chopped, canned","Charcuterie, jambon haché, en conserve",2009-03-17,2014-06-13,07026,,
501856,6633,1,36,"Yogourt parfait, with berries and granola","Yogourt, parfait au yogourt, avec petits fruits et granola",2009-05-01,2015-05-06,,,
501880,6657,8,0,"Cereal, ready to eat, Summer Berry, Kashi Granola","Céréale, prête-à-manger, fruits d'été, Kashi granola",2009-05-14,2014-10-30,08565,,
501881,6658,8,0,"Cereal, ready to eat, Mountain Medley, Kashi Granola","Céréale, prête-à-manger, mélange montagnard, Kashi granola",2009-05-14,2014-10-30,08566,,
501953,6724,8,23,"Cereal, ready to eat, Organic Fruit and Fibre, Jordans","Céréale, prête-à-manger, biologique, fruits et fibres, Jordans",2009-06-16,2014-09-11,,,
501955,6726,8,23,"Cereal, hot, oats, Organic Porridge, dry, Jordans","Céréale, chaude, avoine (gruau), Organic Porridge, sèche, Jordans",2009-06-17,2014-09-11,,,
501957,6729,8,23,"Cereal, ready to eat, Vanilla Shreddies, Post","Céréale, prête-à-manger, Shreddies à la vanille, Post",2009-06-18,2011-03-07,,,
501995,6768,22,0,"Macaroni and cheese, dry mix, prepared with 2% milk and margarine","Macaroni au fromage, mélange sec, préparé avec lait 2% et margarine",2009-07-17,2013-04-03,,,
502038,6815,6,0,Salsa verde,Salsa verte (verde),2009-10-13,2012-10-15,27028,,
502045,6826,8,26,"Cereal, ready to eat, Muslix: Maple Raisin Nut, Kellogg's","Céréale, prête-à-manger, muesli: saveur d'érable, noix et raisins secs, Kellogg's",2009-11-25,2011-03-04,,,
502046,6827,8,26,"Cereal, ready to eat, Mini-Wheats: Cinnamon Streusel, Kellogg's","Céréale, prête-à-manger, Mini-Wheats: saveur de strudel à la cannelle, Kellogg's",2009-11-25,2011-03-21,,,
502047,6828,8,26,"Cereal, ready to eat, Mini-Wheats: Maple, Kellogg's","Céréale, prête-à-manger, Mini-Wheats: saveur d'érable, Kellogg's",2009-11-25,2011-03-21,,,
502048,6829,8,26,"Cereal, ready to eat, Mini-Wheats: Strawberry, Kellogg's","Céréale, prête-à-manger, Mini-Wheats: saveur de fraises, Kellogg's",2009-11-25,2011-03-21,,,
502049,6830,8,26,"Cereal, ready to eat, Multigrain Krispies, Kellogg's","Céréale, prête-à-manger, Mini-Wheats: Multigrain Krispies, Kellogg's",2009-11-25,2014-09-11,,,
502050,6831,8,38,"Cereal, ready to eat, Special K: 5 Grains, Kellogg's","Céréale, prête-à-manger, Spécial K: 5 Grains, Kellogg's",2009-11-25,2014-09-11,,,
502054,6835,8,26,"Cereal, ready to eat, Flax Plus Multibran, Nature's Path","Céréale, prête-à-manger, flax plus multison, Nature's Path",2009-11-27,2014-09-11,,,
502060,6841,8,26,"Cereal, ready to eat, Ginger Zing, Nature's Path","Céréale, prête-à-manger, Ginger Zing, Nature's Path",2009-12-03,2014-09-11,,,
502061,6842,8,26,"Cereal, ready to eat, Pumpkin Flax Plus Granola, Nature's Path","Céréale, prête-à-manger, granola citrouille lin plus, Nature's Path",2009-12-03,2014-02-03,,,
,,,,,,,,,,
