FoodID,MeasureID,RefuseDescription,RefuseDescriptionF,RefuseValue,RefuseDateOfEntry,RefuseDateEnd
49,750,total refuse,portion non comestible totale,0,1997-05-01,2013-02-13
50,750,total refuse,portion non comestible totale,0,1997-05-01,2013-02-19
62,750,total refuse,portion non comestible totale,0,1997-05-01,2012-09-07
64,750,total refuse,portion non comestible totale,0,1997-05-01,2012-09-07
65,750,total refuse,portion non comestible totale,0,1997-05-01,2012-09-07
81,750,total refuse,portion non comestible totale,0,1997-05-01,2013-04-25
94,750,total refuse,portion non comestible totale,0,1997-05-01,2013-02-19
95,750,total refuse,portion non comestible totale,0,1997-05-01,2013-02-19
121,750,total refuse,portion non comestible totale,0,1997-05-01,2013-02-19
141,750,total refuse,portion non comestible totale,0,1997-05-01,2013-04-25
142,750,total refuse,portion non comestible totale,0,1997-05-01,2013-04-25
143,750,total refuse,portion non comestible totale,0,1997-05-01,2013-04-25
144,750,total refuse,portion non comestible totale,0,1997-05-01,2013-04-25
145,750,total refuse,portion non comestible totale,0,1997-05-01,2013-04-25
146,750,total refuse,portion non comestible totale,0,1997-05-01,2013-04-25
148,750,total refuse,portion non comestible totale,0,2009-04-22,2011-09-02
154,750,total refuse,portion non comestible totale,0,1997-05-01,2013-04-25
155,750,total refuse,portion non comestible totale,0,1997-05-01,2013-04-25
156,750,total refuse,portion non comestible totale,0,1997-05-01,2013-04-25
157,750,total refuse,portion non comestible totale,0,1997-05-01,2013-04-25
159,750,total refuse,portion non comestible totale,0,1997-05-01,2013-02-19
162,750,total refuse,portion non comestible totale,0,1997-05-01,2011-09-02
165,750,total refuse,portion non comestible totale,0,1997-05-01,2013-04-25
400,750,total refuse,portion non comestible totale,0,1997-05-01,2015-01-12
425,750,total refuse,portion non comestible totale,0,1997-05-01,2014-01-06
427,750,total refuse,portion non comestible totale,0,1997-05-01,2014-04-09
431,750,total refuse,portion non comestible totale,0,1997-05-01,2014-01-06
481,750,total refuse,portion non comestible totale,0,1997-05-01,2015-01-15
482,750,total refuse,portion non comestible totale,0,1997-05-01,2015-01-12
486,750,total refuse,portion non comestible totale,0,1997-05-01,2015-01-12
489,750,total refuse,portion non comestible totale,0,1997-05-01,2015-01-15
492,750,total refuse,portion non comestible totale,0,1997-05-01,2015-01-12
497,750,total refuse,portion non comestible totale,0,1997-05-01,2015-01-12
501,750,total refuse,portion non comestible totale,0,1997-05-01,2015-01-12
505,750,total refuse,portion non comestible totale,0,1997-05-01,2015-01-15
506,750,total refuse,portion non comestible totale,0,1997-05-01,2015-01-15
549,750,total refuse,portion non comestible totale,0,1997-05-01,2012-10-01
825,750,total refuse,portion non comestible totale,37.51,2010-01-21,2014-07-02
825,760,handling loss,pertes dues aux manipulations,8.2,2010-01-21,2014-07-02
825,786,bone and tendon,os et tendons,29.3,2000-10-17,2014-07-02
826,750,total refuse,portion non comestible totale,46.8,2010-01-21,2014-07-03
826,760,handling loss,pertes dues aux manipulations,17.8,2010-01-21,2014-07-03
826,786,bone and tendon,os et tendons,29.03,2000-10-17,2014-07-03
827,750,total refuse,portion non comestible totale,50.2,2010-01-21,2014-07-03
827,760,handling loss,pertes dues aux manipulations,20,2010-01-21,2014-07-03
827,786,bone and tendon,os et tendons,30.22,2000-10-17,2014-07-03
828,750,total refuse,portion non comestible totale,54.67,2010-01-21,2014-07-03
828,752,skin,peau (pelure),7.49,2000-10-17,2014-07-03
828,758,separable fat,gras séparable,9.68,2000-10-17,2014-07-03
828,760,handling loss,pertes dues aux manipulations,8.2,2010-01-21,2014-07-03
828,786,bone and tendon,os et tendons,29.3,2000-10-17,2014-07-03
829,750,total refuse,portion non comestible totale,58.5,2010-01-21,2014-07-03
829,752,skin,peau (pelure),6.16,2000-10-17,2014-07-03
829,758,separable fat,gras séparable,8,2000-10-17,2014-07-03
829,760,handling loss,pertes dues aux manipulations,17.8,2010-01-21,2014-07-03
829,786,bone and tendon,os et tendons,29.03,2000-10-17,2014-07-03
830,750,total refuse,portion non comestible totale,61.8,2010-01-21,2014-07-03
830,752,skin,peau (pelure),6.8,2010-01-21,2014-07-03
830,758,separable fat,gras séparable,4.8,2010-01-21,2014-07-03
830,760,handling loss,pertes dues aux manipulations,20,2010-01-21,2014-07-03
830,786,bone and tendon,os et tendons,30.22,2000-10-17,2014-07-03
832,760,handling loss,pertes dues aux manipulations,12.4,2010-01-21,2014-09-25
833,760,handling loss,pertes dues aux manipulations,9.4,2010-01-21,2014-09-25
834,760,handling loss,pertes dues aux manipulations,9.1,2010-01-21,2014-09-25
835,760,handling loss,pertes dues aux manipulations,12.4,2010-01-21,2014-09-26
836,758,separable fat,gras séparable,9.0598,2000-10-17,2014-09-26
836,760,handling loss,pertes dues aux manipulations,9.4,2010-01-21,2014-09-26
837,758,separable fat,gras séparable,6.3827,2000-10-17,2014-09-26
837,760,handling loss,pertes dues aux manipulations,9.1,2010-01-21,2014-09-26
838,758,separable fat,gras séparable,6.89,2000-10-17,2014-09-22
838,760,handling loss,pertes dues aux manipulations,3.26,2010-01-21,2014-09-22
839,760,handling loss,pertes dues aux manipulations,2.2,2010-01-21,2014-09-22
840,760,handling loss,pertes dues aux manipulations,2.7,2010-01-21,2014-09-22
841,752,skin,peau (pelure),5.95,2000-10-17,2014-09-22
841,758,separable fat,gras séparable,6.89,2000-10-17,2014-09-22
841,760,handling loss,pertes dues aux manipulations,3.3,2010-01-21,2014-09-22
841,786,bone and tendon,os et tendons,14.95,2000-10-17,2014-09-22
842,758,separable fat,gras séparable,5.34,2010-01-21,2014-09-22
842,760,handling loss,pertes dues aux manipulations,2.2,2010-01-21,2014-09-22
843,758,separable fat,gras séparable,4.23,2010-01-21,2014-09-22
843,760,handling loss,pertes dues aux manipulations,2.7,2010-01-21,2014-09-22
844,760,handling loss,pertes dues aux manipulations,5.6,2010-01-21,2014-09-22
846,760,handling loss,pertes dues aux manipulations,3.4,2010-01-21,2014-09-23
847,758,separable fat,gras séparable,3.1901,2000-10-17,2014-09-23
847,760,handling loss,pertes dues aux manipulations,5.6,2010-01-21,2014-09-23
848,758,separable fat,gras séparable,3.1297,2000-10-17,2014-09-23
848,760,handling loss,pertes dues aux manipulations,4.1,2010-01-21,2014-09-23
849,758,separable fat,gras séparable,2.2884,2000-10-17,2014-09-23
849,760,handling loss,pertes dues aux manipulations,3.4,2010-01-21,2014-09-23
852,760,handling loss,pertes dues aux manipulations,4.1,2010-01-21,2014-09-24
853,758,separable fat,gras séparable,13.4334,2000-10-17,2014-09-24
853,760,handling loss,pertes dues aux manipulations,5,2010-01-21,2014-09-24
854,758,separable fat,gras séparable,11.9693,2000-10-17,2014-09-24
854,760,handling loss,pertes dues aux manipulations,4.7,2010-01-21,2014-09-24
855,758,separable fat,gras séparable,9.9637,2000-10-17,2014-09-24
855,760,handling loss,pertes dues aux manipulations,4.1,2010-01-21,2014-09-24
888,750,total refuse,portion non comestible totale,20.4,2010-01-21,2014-06-26
888,760,handling loss,pertes dues aux manipulations,5.4,2010-01-21,2014-06-26
888,786,bone and tendon,os et tendons,15.074,2000-10-19,2014-06-26
889,750,total refuse,portion non comestible totale,16.3,2010-01-21,2014-06-26
889,760,handling loss,pertes dues aux manipulations,2,2010-01-21,2014-06-26
889,786,bone and tendon,os et tendons,14.32,2000-10-19,2014-06-26
890,750,total refuse,portion non comestible totale,21.3,2010-01-21,2014-06-26
890,760,handling loss,pertes dues aux manipulations,7.7,2010-01-21,2014-06-26
890,786,bone and tendon,os et tendons,15.074,2000-10-19,2014-06-26
891,750,total refuse,portion non comestible totale,31.8,2010-01-21,2014-06-26
891,752,skin,peau (pelure),5.75,2000-10-19,2014-06-26
891,758,separable fat,gras séparable,5.6476,2000-10-19,2014-06-26
891,760,handling loss,pertes dues aux manipulations,5.4,2010-01-21,2014-06-26
891,786,bone and tendon,os et tendons,15.074,2000-10-19,2014-06-26
892,750,total refuse,portion non comestible totale,28.9,2010-01-21,2014-06-26
892,752,skin,peau (pelure),7.6,2010-01-21,2014-06-26
892,758,separable fat,gras séparable,5.02,2010-01-21,2014-06-26
892,760,handling loss,pertes dues aux manipulations,2,2010-01-21,2014-06-26
892,786,bone and tendon,os et tendons,14.32,2000-10-19,2014-06-26
893,750,total refuse,portion non comestible totale,33.9,2010-01-21,2014-06-26
893,752,skin,peau (pelure),8,2010-01-21,2014-06-26
893,758,separable fat,gras séparable,4.7,2010-01-21,2014-06-26
893,760,handling loss,pertes dues aux manipulations,7.7,2010-01-21,2014-06-26
893,786,bone and tendon,os et tendons,13.567,2000-10-19,2014-06-26
894,750,total refuse,portion non comestible totale,39.9,2010-01-21,2014-06-26
894,760,handling loss,pertes dues aux manipulations,9.8,2010-01-21,2014-06-26
894,786,bone and tendon,os et tendons,30.14,2000-10-19,2014-06-26
895,750,total refuse,portion non comestible totale,44.6,2010-01-21,2014-06-26
895,760,handling loss,pertes dues aux manipulations,14,2010-01-21,2014-06-26
895,786,bone and tendon,os et tendons,30.61,2000-10-19,2014-06-26
896,750,total refuse,portion non comestible totale,35,2010-01-21,2014-06-26
896,760,handling loss,pertes dues aux manipulations,4.2,2010-01-21,2014-06-26
896,786,bone and tendon,os et tendons,30.79,2000-10-19,2014-06-26
897,750,total refuse,portion non comestible totale,54.2,2010-01-21,2014-06-26
897,752,skin,peau (pelure),7.52,2000-10-19,2014-06-26
897,758,separable fat,gras séparable,6.69,2000-10-19,2014-06-26
897,760,handling loss,pertes dues aux manipulations,9.8,2010-01-21,2014-06-26
897,786,bone and tendon,os et tendons,30.14,2000-10-19,2014-06-26
898,750,total refuse,portion non comestible totale,60.9,2010-01-21,2014-06-26
898,752,skin,peau (pelure),6.69,2000-10-19,2014-06-26
898,758,separable fat,gras séparable,9.65,2000-10-19,2014-06-26
898,760,handling loss,pertes dues aux manipulations,14,2010-01-21,2014-06-26
898,786,bone and tendon,os et tendons,30.61,2000-10-19,2014-06-26
899,750,total refuse,portion non comestible totale,51.4,2010-01-21,2014-06-26
899,752,skin,peau (pelure),8.48,2000-10-19,2014-06-26
899,758,separable fat,gras séparable,7.97,2000-10-19,2014-06-26
899,760,handling loss,pertes dues aux manipulations,4.2,2010-01-21,2014-06-26
899,786,bone and tendon,os et tendons,30.79,2000-10-19,2014-06-26
900,750,total refuse,portion non comestible totale,41,2010-01-21,2014-06-26
900,760,handling loss,pertes dues aux manipulations,7.6,2010-01-21,2014-06-26
900,786,bone and tendon,os et tendons,33.422,2000-10-19,2014-06-26
901,750,total refuse,portion non comestible totale,39.3,2010-01-21,2014-06-26
901,760,handling loss,pertes dues aux manipulations,5.9,2010-01-21,2014-06-26
901,786,bone and tendon,os et tendons,33.433,2000-10-19,2014-06-26
902,750,total refuse,portion non comestible totale,37.6,2010-01-21,2014-06-26
902,760,handling loss,pertes dues aux manipulations,3.3,2010-01-21,2014-06-26
902,786,bone and tendon,os et tendons,34.27,2000-10-19,2014-06-26
903,750,total refuse,portion non comestible totale,49.8,2010-01-21,2014-06-26
903,752,skin,peau (pelure),6.802,2000-10-19,2014-06-26
903,758,separable fat,gras séparable,2.017,2000-10-19,2014-06-26
903,760,handling loss,pertes dues aux manipulations,7.6,2010-01-21,2014-06-26
903,786,bone and tendon,os et tendons,33.422,2000-10-19,2014-06-26
904,750,total refuse,portion non comestible totale,50.2,2010-01-21,2014-06-26
904,752,skin,peau (pelure),6.707,2000-10-19,2014-06-26
904,758,separable fat,gras séparable,4.178,2000-10-19,2014-06-26
904,760,handling loss,pertes dues aux manipulations,5.9,2010-01-21,2014-06-26
904,786,bone and tendon,os et tendons,33.433,2000-10-19,2014-06-26
905,750,total refuse,portion non comestible totale,49.8,2010-01-21,2014-06-26
905,752,skin,peau (pelure),8.78,2000-10-19,2014-06-26
905,758,separable fat,gras séparable,3.422,2000-10-19,2014-06-26
905,760,handling loss,pertes dues aux manipulations,3.3,2010-01-21,2014-06-26
905,786,bone and tendon,os et tendons,34.27,2000-10-19,2014-06-26
906,750,total refuse,portion non comestible totale,23.7,2010-01-21,2014-06-26
906,760,handling loss,pertes dues aux manipulations,7.3,2010-01-21,2014-06-26
906,786,bone and tendon,os et tendons,16.4,2000-10-19,2014-06-26
907,750,total refuse,portion non comestible totale,22.2,2010-01-21,2014-06-26
907,760,handling loss,pertes dues aux manipulations,3.1,2010-01-21,2014-06-26
907,786,bone and tendon,os et tendons,19.117,2000-10-19,2014-06-26
908,750,total refuse,portion non comestible totale,21.5,2010-01-21,2014-06-26
908,760,handling loss,pertes dues aux manipulations,2.9,2010-01-21,2014-06-26
908,786,bone and tendon,os et tendons,18.586,2000-10-19,2014-06-26
909,750,total refuse,portion non comestible totale,41,2010-01-21,2014-06-26
909,752,skin,peau (pelure),8.01,2000-10-19,2014-06-26
909,758,separable fat,gras séparable,9.26,2000-10-19,2014-06-26
909,760,handling loss,pertes dues aux manipulations,7.3,2010-01-21,2014-06-26
909,786,bone and tendon,os et tendons,16.4,2000-10-19,2014-06-26
910,750,total refuse,portion non comestible totale,42.4,2010-01-21,2014-06-26
910,752,skin,peau (pelure),6.839,2000-10-19,2014-06-26
910,758,separable fat,gras séparable,13.364,2000-10-19,2014-06-26
910,760,handling loss,pertes dues aux manipulations,3.1,2010-01-21,2014-06-26
910,786,bone and tendon,os et tendons,39.32,2000-10-19,2014-06-26
911,750,total refuse,portion non comestible totale,42.4,2010-01-21,2014-06-26
911,752,skin,peau (pelure),8.699,2000-10-19,2014-06-26
911,758,separable fat,gras séparable,11.884,2000-10-19,2014-06-26
911,760,handling loss,pertes dues aux manipulations,3.1,2010-01-21,2014-06-26
911,786,bone and tendon,os et tendons,18.586,2000-10-19,2014-06-26
912,750,total refuse,portion non comestible totale,54.8,2010-01-21,2014-06-26
912,760,handling loss,pertes dues aux manipulations,12.6,2010-01-21,2014-06-26
912,786,bone and tendon,os et tendons,42.23,2000-10-19,2014-06-26
913,750,total refuse,portion non comestible totale,53.6,2010-01-21,2014-06-26
913,760,handling loss,pertes dues aux manipulations,11.4,2010-01-21,2014-06-26
913,786,bone and tendon,os et tendons,42.226,2000-10-19,2014-06-26
914,750,total refuse,portion non comestible totale,47.6,2010-01-21,2014-06-26
914,760,handling loss,pertes dues aux manipulations,5.2,2010-01-21,2014-06-26
914,786,bone and tendon,os et tendons,42.374,2000-10-19,2014-06-26
915,750,total refuse,portion non comestible totale,72.1,2010-01-21,2014-06-26
915,752,skin,peau (pelure),7.93,2000-10-19,2014-06-26
915,758,separable fat,gras séparable,9.45,2000-10-19,2014-06-26
915,760,handling loss,pertes dues aux manipulations,12.6,2010-01-21,2014-06-26
915,786,bone and tendon,os et tendons,42.23,2000-10-19,2014-06-26
916,750,total refuse,portion non comestible totale,71.7,2010-01-21,2014-06-26
916,752,skin,peau (pelure),6.242,2000-10-19,2014-06-26
916,758,separable fat,gras séparable,11.852,2000-10-19,2014-06-26
916,760,handling loss,pertes dues aux manipulations,11.4,2010-01-21,2014-06-26
916,786,bone and tendon,os et tendons,42.226,2000-10-19,2014-06-26
917,750,total refuse,portion non comestible totale,63.9,2010-01-21,2014-06-26
917,752,skin,peau (pelure),7.763,2000-10-19,2014-06-26
917,758,separable fat,gras séparable,8.617,2000-10-19,2014-06-26
917,760,handling loss,pertes dues aux manipulations,5.2,2010-01-21,2014-06-26
917,786,bone and tendon,os et tendons,42.374,2000-10-19,2014-06-26
925,750,total refuse,portion non comestible totale,0,1997-05-01,2014-11-20
941,750,total refuse,portion non comestible totale,0,1997-05-01,2014-09-05
942,750,total refuse,portion non comestible totale,0,1997-05-01,2014-08-28
943,750,total refuse,portion non comestible totale,0,1997-05-01,2014-08-28
952,750,total refuse,portion non comestible totale,0,1997-05-01,2014-09-16
955,750,total refuse,portion non comestible totale,0,1997-05-01,2014-11-20
956,750,total refuse,portion non comestible totale,0,1997-05-01,2014-11-20
959,750,total refuse,portion non comestible totale,0,1997-05-01,2014-09-16
960,750,total refuse,portion non comestible totale,0,1997-05-01,2014-09-16
962,750,total refuse,portion non comestible totale,0,1997-05-01,2014-11-20
977,750,total refuse,portion non comestible totale,0,1997-05-01,2014-08-28
978,750,total refuse,portion non comestible totale,0,1997-05-01,2014-08-28
990,750,total refuse,portion non comestible totale,0,1997-05-01,2013-10-18
1014,750,total refuse,portion non comestible totale,0,1997-05-01,2014-11-20
1016,750,total refuse,portion non comestible totale,0,1997-05-01,2014-11-20
1020,750,total refuse,portion non comestible totale,0,1997-05-01,2014-08-28
1031,750,total refuse,portion non comestible totale,0,1997-05-01,2014-11-20
1032,750,total refuse,portion non comestible totale,0,1997-05-01,2014-11-20
1033,750,total refuse,portion non comestible totale,0,1997-05-01,2014-11-20
1034,750,total refuse,portion non comestible totale,0,1997-05-01,2014-09-08
1035,750,total refuse,portion non comestible totale,0,1997-05-01,2014-08-28
1036,750,total refuse,portion non comestible totale,0,1997-05-01,2014-09-08
1037,750,total refuse,portion non comestible totale,0,1997-05-01,2014-11-20
1038,750,total refuse,portion non comestible totale,0,1997-05-01,2014-09-16
1039,750,total refuse,portion non comestible totale,0,1997-05-01,2014-11-20
1040,750,total refuse,portion non comestible totale,0,1997-05-01,2014-11-20
1045,750,total refuse,portion non comestible totale,0,1997-05-01,2014-08-28
1048,750,total refuse,portion non comestible totale,0,1997-05-01,2014-11-20
1058,750,total refuse,portion non comestible totale,0,1997-05-01,2014-08-28
1059,750,total refuse,portion non comestible totale,0,1997-05-01,2014-08-28
1066,750,total refuse,portion non comestible totale,0,1997-05-01,2014-09-16
1069,750,total refuse,portion non comestible totale,0,1997-05-01,2014-11-20
1070,750,total refuse,portion non comestible totale,0,1997-05-01,2014-11-20
1072,750,total refuse,portion non comestible totale,0,1997-05-01,2014-09-16
1073,750,total refuse,portion non comestible totale,0,1997-05-01,2014-09-16
1074,750,total refuse,portion non comestible totale,0,1997-05-01,2014-11-20
1109,750,total refuse,portion non comestible totale,0,1997-05-01,2014-11-20
1110,750,total refuse,portion non comestible totale,0,1997-05-01,2014-11-20
1112,750,total refuse,portion non comestible totale,0,1997-05-01,2014-08-28
1122,750,total refuse,portion non comestible totale,0,1997-05-01,2014-11-20
1123,750,total refuse,portion non comestible totale,0,1997-05-01,2014-09-10
1132,750,total refuse,portion non comestible totale,0,1997-05-01,2012-09-14
1141,750,total refuse,portion non comestible totale,0,1997-05-01,2014-06-12
1145,750,total refuse,portion non comestible totale,0,1997-05-01,2014-07-16
1146,750,total refuse,portion non comestible totale,0,1997-05-01,2014-06-12
1149,750,total refuse,portion non comestible totale,0,1997-05-01,2013-10-03
1150,750,total refuse,portion non comestible totale,0,1997-05-01,2014-06-13
1155,750,total refuse,portion non comestible totale,0,1997-05-01,2014-06-13
1156,750,total refuse,portion non comestible totale,0,1997-05-01,2013-10-03
1162,750,total refuse,portion non comestible totale,0,1997-05-01,2013-10-03
1163,750,total refuse,portion non comestible totale,0,1997-05-01,2014-07-16
1165,750,total refuse,portion non comestible totale,0,1997-05-01,2013-10-03
1168,750,total refuse,portion non comestible totale,0,1997-05-01,2014-07-16
1169,750,total refuse,portion non comestible totale,0,1997-05-01,2014-07-16
1170,750,total refuse,portion non comestible totale,0,1997-05-01,2014-07-16
1173,750,total refuse,portion non comestible totale,0,1997-05-01,2013-10-03
1176,750,total refuse,portion non comestible totale,0,1997-05-01,2013-10-03
1177,750,total refuse,portion non comestible totale,0,1997-05-01,2014-06-13
1180,750,total refuse,portion non comestible totale,0,1997-05-01,2013-09-27
1181,750,total refuse,portion non comestible totale,0,1997-05-01,2014-06-12
1186,750,total refuse,portion non comestible totale,0,1997-05-01,2013-05-21
1188,750,total refuse,portion non comestible totale,0,1997-05-01,2013-10-03
1189,750,total refuse,portion non comestible totale,0,1997-05-01,2014-06-13
1191,750,total refuse,portion non comestible totale,0,1997-05-01,2013-10-03
1193,750,total refuse,portion non comestible totale,0,1997-05-01,2013-09-27
1194,750,total refuse,portion non comestible totale,0,1997-05-01,2013-10-03
1195,750,total refuse,portion non comestible totale,0,1997-05-01,2013-10-03
1197,750,total refuse,portion non comestible totale,0,1997-05-01,2014-07-16
1201,750,total refuse,portion non comestible totale,0,1997-05-01,2013-10-03
1203,750,total refuse,portion non comestible totale,0,1997-05-01,2013-10-03
1204,750,total refuse,portion non comestible totale,0,1997-05-01,2013-10-03
1205,750,total refuse,portion non comestible totale,0,1997-05-01,2013-10-03
1206,750,total refuse,portion non comestible totale,0,1997-05-01,2014-07-16
1208,750,total refuse,portion non comestible totale,0,1997-05-01,2013-10-03
1209,750,total refuse,portion non comestible totale,0,1997-05-01,2013-10-03
1210,750,total refuse,portion non comestible totale,0,1997-05-01,2013-10-04
1213,750,total refuse,portion non comestible totale,0,1997-05-01,2013-10-03
1214,750,total refuse,portion non comestible totale,0,1997-05-01,2013-05-02
1215,750,total refuse,portion non comestible totale,0,1997-05-01,2013-05-02
1218,750,total refuse,portion non comestible totale,0,1997-05-01,2014-07-16
1219,750,total refuse,portion non comestible totale,0,1997-05-01,2014-07-16
1234,750,total refuse,portion non comestible totale,0,1997-05-01,2014-09-11
1243,750,total refuse,portion non comestible totale,0,1997-05-01,2011-03-21
1274,750,total refuse,portion non comestible totale,0,1997-05-01,2014-01-03
1281,750,total refuse,portion non comestible totale,0,1997-05-01,2014-09-11
1283,750,total refuse,portion non comestible totale,0,1997-05-01,2011-07-11
1294,750,total refuse,portion non comestible totale,0,1997-05-01,2014-09-11
1311,750,total refuse,portion non comestible totale,0,1997-05-01,2011-07-11
1319,750,total refuse,portion non comestible totale,0,1997-05-01,2011-07-11
1323,750,total refuse,portion non comestible totale,0,1997-05-01,2014-09-11
1345,750,total refuse,portion non comestible totale,0,1997-05-01,2011-07-11
1347,750,total refuse,portion non comestible totale,0,1997-05-01,2011-03-03
1349,750,total refuse,portion non comestible totale,0,1997-05-01,2011-07-11
1352,750,total refuse,portion non comestible totale,0,1997-05-01,2011-07-11
1361,750,total refuse,portion non comestible totale,0,1997-05-01,2011-03-04
1362,750,total refuse,portion non comestible totale,0,1997-05-01,2011-03-04
1363,750,total refuse,portion non comestible totale,0,1997-05-01,2011-03-04
1368,750,total refuse,portion non comestible totale,0,1997-05-01,2011-03-03
1369,750,total refuse,portion non comestible totale,0,1997-05-01,2011-03-03
1379,750,total refuse,portion non comestible totale,0,1997-05-01,2014-09-10
1390,750,total refuse,portion non comestible totale,0,1997-05-01,2011-07-11
1394,750,total refuse,portion non comestible totale,0,1997-05-01,2011-07-11
1395,750,total refuse,portion non comestible totale,0,1997-05-01,2014-09-11
1396,750,total refuse,portion non comestible totale,0,1997-05-01,2014-09-11
1405,750,total refuse,portion non comestible totale,0,1997-05-01,2014-09-11
1406,750,total refuse,portion non comestible totale,0,1997-05-01,2014-09-11
1408,750,total refuse,portion non comestible totale,0,1997-05-01,2011-03-03
1441,750,total refuse,portion non comestible totale,0,1997-05-01,2013-06-06
1442,750,total refuse,portion non comestible totale,0,1997-05-01,2013-05-23
1445,750,total refuse,portion non comestible totale,0,1997-05-01,2014-09-11
1446,750,total refuse,portion non comestible totale,0,1997-05-01,2014-09-11
1447,750,total refuse,portion non comestible totale,0,1997-05-01,2014-09-11
1448,750,total refuse,portion non comestible totale,0,1997-05-01,2014-09-11
1449,750,total refuse,portion non comestible totale,0,1997-05-01,2014-09-11
1450,750,total refuse,portion non comestible totale,0,1997-05-01,2014-09-11
1451,750,total refuse,portion non comestible totale,0,1997-05-01,2014-09-11
1452,750,total refuse,portion non comestible totale,0,1997-05-01,2014-09-11
1455,750,total refuse,portion non comestible totale,0,1997-05-01,2014-09-11
1456,750,total refuse,portion non comestible totale,0,1997-05-01,2014-09-11
1457,750,total refuse,portion non comestible totale,0,1997-05-01,2014-09-11
1458,750,total refuse,portion non comestible totale,0,1997-05-01,2014-09-11
1459,750,total refuse,portion non comestible totale,0,1997-05-01,2014-09-11
1468,750,total refuse,portion non comestible totale,0,1997-05-01,2012-11-07
1469,750,total refuse,portion non comestible totale,0,1997-05-01,2012-11-07
1480,750,total refuse,portion non comestible totale,0,1997-05-01,2012-11-07
1481,750,total refuse,portion non comestible totale,0,1997-05-01,2012-11-07
1588,750,total refuse,portion non comestible totale,2,2000-10-26,2011-07-29
1588,804,seeds,pépins/noyaux,2,2000-10-26,2011-07-29
1607,750,total refuse,portion non comestible totale,0,1997-05-01,2013-03-22
1608,750,total refuse,portion non comestible totale,6,1997-05-01,2013-03-22
1608,806,pits,noyaux,6,2000-10-26,2013-03-22
1609,750,total refuse,portion non comestible totale,0,1997-05-01,2013-03-22
1626,750,total refuse,portion non comestible totale,0,1997-05-01,2014-10-30
1627,750,total refuse,portion non comestible totale,0,1997-05-01,2014-10-30
1756,750,total refuse,portion non comestible totale,30,1997-05-01,2011-05-25
1756,758,separable fat,gras séparable,8,2002-02-12,2011-05-25
1756,780,bone and skin,os et peau,22,2000-10-16,2011-05-25
1831,750,total refuse,portion non comestible totale,31,1997-05-01,2011-05-25
1831,758,separable fat,gras séparable,9,2000-10-16,2011-05-25
1831,780,bone and skin,os et peau,22,2000-10-16,2011-05-25
1856,750,total refuse,portion non comestible totale,0,1997-05-01,2014-04-09
1858,750,total refuse,portion non comestible totale,0,1997-05-01,2012-09-24
1863,750,total refuse,portion non comestible totale,0,1997-05-01,2014-06-13
1864,750,total refuse,portion non comestible totale,0,1997-05-01,2014-04-09
1866,750,total refuse,portion non comestible totale,15,1997-05-01,2014-06-11
1866,780,bone and skin,os et peau,3,2000-10-16,2014-06-11
1866,785,fat,gras,12,2000-10-16,2014-06-11
1867,750,total refuse,portion non comestible totale,3,1997-05-01,2014-06-11
1867,751,bone,os,3,2000-10-16,2014-06-11
1872,750,total refuse,portion non comestible totale,24,1997-05-01,2014-04-11
1872,780,bone and skin,os et peau,24,2000-10-16,2014-04-11
1889,750,total refuse,portion non comestible totale,0,1997-05-01,2014-06-13
1891,750,total refuse,portion non comestible totale,25,1997-05-01,2011-05-25
1891,780,bone and skin,os et peau,25,2000-10-16,2011-05-25
1892,750,total refuse,portion non comestible totale,24,1997-05-01,2011-05-25
1892,780,bone and skin,os et peau,24,2000-10-16,2011-05-25
1923,750,total refuse,portion non comestible totale,22,1997-05-01,2011-05-25
1923,751,bone,os,22,2000-10-16,2011-05-25
1924,750,total refuse,portion non comestible totale,22,1997-05-01,2011-05-25
1924,751,bone,os,22,2000-10-16,2011-05-25
1925,750,total refuse,portion non comestible totale,30,1997-05-01,2011-05-25
1925,751,bone,os,22,2000-10-16,2011-05-25
1925,758,separable fat,gras séparable,8,2000-10-16,2011-05-25
1926,750,total refuse,portion non comestible totale,30,1997-05-01,2011-05-25
1926,751,bone,os,22,2000-10-16,2011-05-25
1926,758,separable fat,gras séparable,8,2000-10-16,2011-05-25
1975,750,total refuse,portion non comestible totale,0,1997-05-01,2012-09-24
1976,750,total refuse,portion non comestible totale,0,1997-05-01,2012-09-24
1980,750,total refuse,portion non comestible totale,0,1997-05-01,2013-04-04
2520,750,total refuse,portion non comestible totale,0,1997-05-01,2014-04-14
2609,750,total refuse,portion non comestible totale,0,2003-05-16,2013-03-21
2671,750,total refuse,portion non comestible totale,0,1997-05-01,2013-10-03
2684,750,total refuse,portion non comestible totale,0,2002-02-12,2014-11-03
2686,750,total refuse,portion non comestible totale,0,1997-05-01,2014-11-19
2688,750,total refuse,portion non comestible totale,0,2002-02-12,2014-11-18
2691,750,total refuse,portion non comestible totale,0,1997-05-01,2014-11-03
2693,750,total refuse,portion non comestible totale,0,1997-05-01,2014-11-03
2695,750,total refuse,portion non comestible totale,0,1997-05-01,2014-11-03
2697,750,total refuse,portion non comestible totale,0,1997-05-01,2014-11-03
2699,750,total refuse,portion non comestible totale,0,1997-05-01,2014-11-03
2701,750,total refuse,portion non comestible totale,0,1997-05-01,2014-11-03
2703,750,total refuse,portion non comestible totale,0,1997-05-01,2014-11-20
2709,750,total refuse,portion non comestible totale,0,1997-05-01,2014-07-16
2710,750,total refuse,portion non comestible totale,0,2002-02-12,2013-09-27
2711,750,total refuse,portion non comestible totale,0,1997-05-01,2013-09-27
2756,750,total refuse,portion non comestible totale,27,1997-05-01,2014-07-15
2757,750,total refuse,portion non comestible totale,32,1997-05-01,2014-07-15
2758,750,total refuse,portion non comestible totale,59,1997-05-01,2014-07-15
2759,750,total refuse,portion non comestible totale,54.22,1997-05-01,2014-07-15
2810,750,total refuse,portion non comestible totale,24,1997-05-01,2014-08-18
2824,750,total refuse,portion non comestible totale,5,1997-05-01,2014-08-12
2825,750,total refuse,portion non comestible totale,22.2,1997-05-01,2014-08-12
2826,750,total refuse,portion non comestible totale,27,1997-05-01,2014-08-12
2827,750,total refuse,portion non comestible totale,31.7,1997-05-01,2014-08-12
2834,750,total refuse,portion non comestible totale,0,2001-10-09,2014-06-04
2872,750,total refuse,portion non comestible totale,0,1997-05-01,2015-04-13
2890,750,total refuse,portion non comestible totale,0,1997-05-01,2014-03-20
2891,750,total refuse,portion non comestible totale,0,1997-05-01,2014-03-20
3236,750,total refuse,portion non comestible totale,0,1997-05-01,2012-09-18
3644,750,total refuse,portion non comestible totale,0,1997-05-01,2012-09-13
3704,750,total refuse,portion non comestible totale,0,1997-05-01,2014-04-17
3705,750,total refuse,portion non comestible totale,0,1997-05-01,2014-04-17
3706,750,total refuse,portion non comestible totale,0,1997-05-01,2014-04-17
3707,750,total refuse,portion non comestible totale,0,1997-05-01,2014-04-17
3716,750,total refuse,portion non comestible totale,0,1997-05-01,2014-04-17
3717,750,total refuse,portion non comestible totale,0,1997-05-01,2014-04-17
3718,750,total refuse,portion non comestible totale,0,1997-05-01,2014-04-17
3720,750,total refuse,portion non comestible totale,0,1997-05-01,2014-04-17
3722,750,total refuse,portion non comestible totale,0,1997-05-01,2014-05-27
3727,750,total refuse,portion non comestible totale,0,1997-05-01,2014-04-17
3728,750,total refuse,portion non comestible totale,0,1997-05-01,2014-04-17
3729,750,total refuse,portion non comestible totale,0,1997-05-01,2014-04-17
3881,750,total refuse,portion non comestible totale,0,1997-05-01,2014-10-31
3894,750,total refuse,portion non comestible totale,0,1997-05-01,2014-10-31
3899,750,total refuse,portion non comestible totale,0,1997-05-01,2014-10-31
3928,750,total refuse,portion non comestible totale,0,1997-05-01,2014-10-31
3966,750,total refuse,portion non comestible totale,0,1997-05-01,2014-10-31
4030,750,total refuse,portion non comestible totale,0,1997-05-01,2014-10-31
4062,750,total refuse,portion non comestible totale,0,1997-05-01,2014-04-17
4064,750,total refuse,portion non comestible totale,0,1997-05-01,2014-05-27
4074,750,total refuse,portion non comestible totale,0,1997-05-01,2014-01-09
4090,750,total refuse,portion non comestible totale,0,1997-05-01,2014-04-11
4121,750,total refuse,portion non comestible totale,0,1997-05-01,2014-05-09
4353,750,total refuse,portion non comestible totale,0,1997-05-01,2014-04-11
4395,750,total refuse,portion non comestible totale,0,1997-05-01,2012-10-01
4399,750,total refuse,portion non comestible totale,0,1997-05-01,2012-10-01
4404,750,total refuse,portion non comestible totale,0,1997-05-01,2012-10-01
4406,750,total refuse,portion non comestible totale,0,1997-05-01,2012-09-25
4545,750,total refuse,portion non comestible totale,0,1997-05-01,2014-04-11
4546,750,total refuse,portion non comestible totale,0,1997-05-01,2014-04-11
4547,750,total refuse,portion non comestible totale,0,1997-05-01,2014-04-11
4555,750,total refuse,portion non comestible totale,0,1997-05-01,2014-04-11
4606,750,total refuse,portion non comestible totale,0,1997-05-01,2014-04-11
4608,750,total refuse,portion non comestible totale,0,1997-05-01,2014-04-11
4630,750,total refuse,portion non comestible totale,0,1997-05-01,2014-10-31
4822,750,total refuse,portion non comestible totale,0,2002-12-20,2014-04-11
4826,750,total refuse,portion non comestible totale,0,2002-02-20,2014-10-31
4842,750,total refuse,portion non comestible totale,0,2002-12-12,2013-09-27
4844,750,total refuse,portion non comestible totale,0,2001-11-14,2013-05-21
4876,750,total refuse,portion non comestible totale,0,2002-12-12,2014-06-12
4877,750,total refuse,portion non comestible totale,0,2002-12-18,2013-10-03
4892,750,total refuse,portion non comestible totale,0,2001-07-18,2012-09-14
4893,750,total refuse,portion non comestible totale,0,2001-07-18,2012-09-14
4894,750,total refuse,portion non comestible totale,0,2001-07-18,2012-09-14
4895,750,total refuse,portion non comestible totale,0,2001-07-18,2012-09-14
4896,750,total refuse,portion non comestible totale,0,2001-07-18,2012-09-14
4897,750,total refuse,portion non comestible totale,0,2001-07-18,2012-09-14
4898,750,total refuse,portion non comestible totale,0,2001-07-18,2012-09-14
4899,750,total refuse,portion non comestible totale,0,2001-07-18,2012-09-14
4900,750,total refuse,portion non comestible totale,0,2001-07-20,2012-09-14
4901,750,total refuse,portion non comestible totale,0,2001-07-18,2012-09-14
4902,750,total refuse,portion non comestible totale,0,2001-07-18,2012-09-14
4918,750,total refuse,portion non comestible totale,0,2002-12-23,2014-04-11
4920,750,total refuse,portion non comestible totale,0,2003-11-27,2011-07-29
4921,750,total refuse,portion non comestible totale,0,2002-12-23,2011-07-29
4922,750,total refuse,portion non comestible totale,0,2002-12-23,2011-07-29
4926,750,total refuse,portion non comestible totale,0,2002-12-23,2011-07-29
4928,750,total refuse,portion non comestible totale,0,2003-08-12,2011-07-29
4929,750,total refuse,portion non comestible totale,0,2002-12-23,2011-07-29
4930,750,total refuse,portion non comestible totale,0,2002-12-23,2011-07-29
4934,750,total refuse,portion non comestible totale,0,2002-12-23,2011-07-29
4937,750,total refuse,portion non comestible totale,0,2002-12-23,2011-07-29
4943,750,total refuse,portion non comestible totale,0,2002-12-23,2011-07-29
4949,750,total refuse,portion non comestible totale,0,2002-12-23,2011-07-29
4953,750,total refuse,portion non comestible totale,0,2002-12-23,2011-07-29
4955,750,total refuse,portion non comestible totale,0,2002-12-23,2011-07-29
4957,750,total refuse,portion non comestible totale,0,2002-12-23,2011-07-29
4958,750,total refuse,portion non comestible totale,0,2002-12-23,2011-07-29
4959,750,total refuse,portion non comestible totale,0,2001-07-04,2011-07-29
4960,750,total refuse,portion non comestible totale,0,2002-12-23,2011-07-29
4966,750,total refuse,portion non comestible totale,0,2002-12-23,2014-04-11
4969,750,total refuse,portion non comestible totale,0,2002-04-09,2013-02-19
4982,750,total refuse,portion non comestible totale,0,2002-03-08,2014-03-20
4992,750,total refuse,portion non comestible totale,0,2002-12-23,2013-04-03
4999,750,total refuse,portion non comestible totale,0,2001-07-18,2012-09-14
5000,750,total refuse,portion non comestible totale,0,2001-07-18,2012-09-14
5003,750,total refuse,portion non comestible totale,0,2001-11-14,2014-05-30
5004,750,total refuse,portion non comestible totale,0,2001-07-18,2014-11-21
5012,750,total refuse,portion non comestible totale,0,2001-05-02,2015-01-15
5013,750,total refuse,portion non comestible totale,0,2001-05-14,2015-03-04
5014,750,total refuse,portion non comestible totale,0,2001-05-02,2015-03-04
5015,750,total refuse,portion non comestible totale,0,2001-05-14,2015-03-04
5017,750,total refuse,portion non comestible totale,0,2001-05-02,2015-01-15
5018,750,total refuse,portion non comestible totale,0,2001-05-02,2015-01-15
5019,750,total refuse,portion non comestible totale,0,2001-05-02,2015-01-15
5020,750,total refuse,portion non comestible totale,0,2001-05-02,2015-01-15
5021,750,total refuse,portion non comestible totale,0,2001-05-02,2015-01-15
5022,750,total refuse,portion non comestible totale,0,2001-05-02,2015-01-15
5023,750,total refuse,portion non comestible totale,0,2001-05-02,2015-01-15
5024,750,total refuse,portion non comestible totale,0,2001-05-02,2015-01-15
5025,750,total refuse,portion non comestible totale,0,2001-05-02,2015-01-15
5026,750,total refuse,portion non comestible totale,0,2001-05-02,2015-01-15
5027,750,total refuse,portion non comestible totale,0,2001-05-03,2015-01-15
5028,750,total refuse,portion non comestible totale,0,2001-05-03,2015-01-15
5029,750,total refuse,portion non comestible totale,0,2001-05-14,2015-01-12
5031,750,total refuse,portion non comestible totale,0,2001-05-03,2015-01-12
5032,750,total refuse,portion non comestible totale,0,2001-05-14,2015-01-15
5034,750,total refuse,portion non comestible totale,0,2001-05-03,2015-01-15
5035,750,total refuse,portion non comestible totale,0,2001-05-03,2015-01-15
5036,750,total refuse,portion non comestible totale,0,2001-05-04,2015-01-15
5037,750,total refuse,portion non comestible totale,0,2001-05-04,2015-01-15
5038,750,total refuse,portion non comestible totale,0,2001-05-04,2015-01-15
5039,750,total refuse,portion non comestible totale,0,2001-05-04,2015-01-15
5040,750,total refuse,portion non comestible totale,0,2001-05-04,2015-01-15
5041,750,total refuse,portion non comestible totale,0,2001-05-04,2015-01-15
5042,750,total refuse,portion non comestible totale,0,2001-05-04,2015-01-15
5043,750,total refuse,portion non comestible totale,0,2001-05-04,2015-03-03
5044,750,total refuse,portion non comestible totale,0,2001-05-04,2015-03-03
5045,750,total refuse,portion non comestible totale,0,2001-05-04,2015-03-03
5046,750,total refuse,portion non comestible totale,0,2001-05-04,2015-03-03
5047,750,total refuse,portion non comestible totale,0,2001-05-04,2015-03-03
5048,750,total refuse,portion non comestible totale,0,2001-05-04,2015-03-03
5049,750,total refuse,portion non comestible totale,0,2001-05-04,2015-03-03
5050,750,total refuse,portion non comestible totale,0,2001-05-04,2015-03-03
5051,750,total refuse,portion non comestible totale,0,2001-05-04,2015-03-03
5052,750,total refuse,portion non comestible totale,0,2001-05-14,2015-03-03
5053,750,total refuse,portion non comestible totale,0,2001-05-14,2015-03-03
5054,750,total refuse,portion non comestible totale,0,2001-05-14,2015-03-03
5055,750,total refuse,portion non comestible totale,0,2002-03-18,2015-01-12
5056,750,total refuse,portion non comestible totale,0,2001-05-14,2015-01-12
5057,750,total refuse,portion non comestible totale,0,2001-05-14,2015-01-12
5058,750,total refuse,portion non comestible totale,0,2001-05-14,2015-01-12
5059,750,total refuse,portion non comestible totale,0,2001-05-14,2015-01-12
5060,750,total refuse,portion non comestible totale,0,2001-05-14,2015-01-12
5061,750,total refuse,portion non comestible totale,0,2001-05-14,2015-01-12
5062,750,total refuse,portion non comestible totale,0,2001-05-14,2015-03-03
5063,750,total refuse,portion non comestible totale,0,2001-05-04,2015-03-03
5064,750,total refuse,portion non comestible totale,0,2001-05-04,2015-03-03
5065,750,total refuse,portion non comestible totale,0,2001-05-04,2015-03-03
5066,750,total refuse,portion non comestible totale,0,2001-05-04,2015-03-03
5070,750,total refuse,portion non comestible totale,0,2001-05-10,2011-04-01
5080,750,total refuse,portion non comestible totale,0,2001-07-03,2014-09-11
5103,750,total refuse,portion non comestible totale,0,2001-05-10,2014-09-11
5104,750,total refuse,portion non comestible totale,0,2001-05-10,2014-09-11
5105,750,total refuse,portion non comestible totale,0,2001-05-10,2014-09-11
5106,750,total refuse,portion non comestible totale,0,2001-05-10,2014-09-11
5107,750,total refuse,portion non comestible totale,0,2001-05-10,2014-09-11
5116,750,total refuse,portion non comestible totale,0,2001-05-11,2011-03-03
5117,750,total refuse,portion non comestible totale,0,2001-05-11,2011-03-03
5125,750,total refuse,portion non comestible totale,0,2001-05-11,2014-09-11
5126,750,total refuse,portion non comestible totale,0,2001-05-11,2014-09-11
5127,750,total refuse,portion non comestible totale,0,2001-05-11,2014-09-11
5128,750,total refuse,portion non comestible totale,0,2001-05-11,2011-04-04
5129,750,total refuse,portion non comestible totale,0,2001-05-11,2014-09-11
5130,750,total refuse,portion non comestible totale,0,2001-05-11,2014-09-11
5131,750,total refuse,portion non comestible totale,0,2001-05-11,2014-09-11
5140,750,total refuse,portion non comestible totale,0,2001-05-11,2014-09-11
5146,750,total refuse,portion non comestible totale,0,2001-05-14,2014-09-11
5147,750,total refuse,portion non comestible totale,0,2001-05-14,2014-09-11
5149,750,total refuse,portion non comestible totale,0,2001-05-14,2014-06-02
5150,750,total refuse,portion non comestible totale,0,2001-05-14,2014-09-11
5151,750,total refuse,portion non comestible totale,0,2001-05-14,2014-09-11
5154,750,total refuse,portion non comestible totale,0,2003-11-27,2011-07-11
5156,750,total refuse,portion non comestible totale,0,2002-12-18,2011-07-11
5157,750,total refuse,portion non comestible totale,0,2002-12-18,2011-07-11
5159,750,total refuse,portion non comestible totale,0,2002-12-18,2011-07-11
5160,750,total refuse,portion non comestible totale,0,2002-12-18,2011-07-11
5162,750,total refuse,portion non comestible totale,0,2002-12-18,2011-07-11
5163,750,total refuse,portion non comestible totale,0,2002-12-18,2011-07-11
5164,750,total refuse,portion non comestible totale,0,2001-05-11,2011-07-11
5165,750,total refuse,portion non comestible totale,0,2001-05-11,2011-07-11
5166,750,total refuse,portion non comestible totale,0,2001-05-11,2011-07-11
5167,750,total refuse,portion non comestible totale,0,2001-05-11,2014-09-11
5192,750,total refuse,portion non comestible totale,0,2001-05-31,2014-09-11
5202,750,total refuse,portion non comestible totale,0,2001-06-14,2014-09-11
5233,750,total refuse,portion non comestible totale,0,2001-06-29,2014-09-11
5234,750,total refuse,portion non comestible totale,0,2001-06-29,2014-09-11
5235,750,total refuse,portion non comestible totale,0,2001-06-29,2014-09-11
5236,750,total refuse,portion non comestible totale,0,2001-06-29,2014-09-11
5237,750,total refuse,portion non comestible totale,0,2001-07-03,2014-09-11
5242,750,total refuse,portion non comestible totale,0,2001-07-20,2012-09-14
5243,750,total refuse,portion non comestible totale,0,2001-07-20,2012-09-14
5244,750,total refuse,portion non comestible totale,0,2001-07-20,2012-09-14
5245,750,total refuse,portion non comestible totale,0,2001-07-20,2012-09-14
5246,750,total refuse,portion non comestible totale,0,2001-07-20,2012-09-14
5247,750,total refuse,portion non comestible totale,0,2001-07-20,2012-09-14
5248,750,total refuse,portion non comestible totale,0,2001-07-20,2012-09-14
5249,750,total refuse,portion non comestible totale,0,2001-07-20,2012-09-14
5250,750,total refuse,portion non comestible totale,0,2001-07-20,2012-09-14
5251,750,total refuse,portion non comestible totale,0,2001-07-20,2012-09-14
5252,750,total refuse,portion non comestible totale,0,2001-07-20,2012-09-14
5259,750,total refuse,portion non comestible totale,0,2002-08-07,2014-08-28
5262,750,total refuse,portion non comestible totale,0,2002-08-07,2014-10-01
5264,750,total refuse,portion non comestible totale,0,2002-08-06,2014-11-20
5265,750,total refuse,portion non comestible totale,0,2002-08-06,2014-08-28
5301,750,total refuse,portion non comestible totale,0,2004-04-30,2013-04-25
5303,750,total refuse,portion non comestible totale,0,2004-04-30,2014-06-09
5311,750,total refuse,portion non comestible totale,0,2004-03-29,2015-01-16
5312,750,total refuse,portion non comestible totale,0,2004-03-29,2015-01-15
5314,750,total refuse,portion non comestible totale,0,2004-03-29,2015-01-16
5317,750,total refuse,portion non comestible totale,0,2004-03-31,2011-07-29
5318,750,total refuse,portion non comestible totale,0,2004-03-31,2015-01-16
5319,750,total refuse,portion non comestible totale,0,2004-03-31,2015-01-16
5321,750,total refuse,portion non comestible totale,0,2004-05-05,2015-01-16
5322,750,total refuse,portion non comestible totale,0,2004-03-31,2015-01-16
5324,750,total refuse,portion non comestible totale,0,2004-05-05,2015-01-16
5325,750,total refuse,portion non comestible totale,0,2004-03-31,2015-01-16
5326,750,total refuse,portion non comestible totale,0,2004-03-31,2015-01-16
5342,750,total refuse,portion non comestible totale,0,2004-05-14,2014-11-21
5344,750,total refuse,portion non comestible totale,0,2004-05-14,2014-11-21
5345,750,total refuse,portion non comestible totale,0,2004-05-14,2014-11-20
5349,750,total refuse,portion non comestible totale,0,2004-05-14,2014-11-20
5359,750,total refuse,portion non comestible totale,0,2004-03-31,2014-11-13
5360,750,total refuse,portion non comestible totale,0,2004-03-31,2014-11-20
5365,750,total refuse,portion non comestible totale,0,2004-03-31,2014-04-09
5366,750,total refuse,portion non comestible totale,0,2004-03-31,2014-11-20
5367,750,total refuse,portion non comestible totale,0,2004-03-31,2014-10-30
5372,750,total refuse,portion non comestible totale,0,2004-04-01,2014-11-24
5374,750,total refuse,portion non comestible totale,0,2004-04-01,2014-07-16
5375,750,total refuse,portion non comestible totale,0,2004-04-01,2014-07-16
5380,750,total refuse,portion non comestible totale,0,2004-05-18,2013-09-27
5382,750,total refuse,portion non comestible totale,0,2004-05-19,2014-07-16
5383,750,total refuse,portion non comestible totale,0,2004-05-20,2014-07-16
5385,750,total refuse,portion non comestible totale,0,2004-05-19,2014-07-16
5386,750,total refuse,portion non comestible totale,0,2004-05-19,2014-07-16
5387,750,total refuse,portion non comestible totale,0,2004-05-19,2013-09-27
5388,750,total refuse,portion non comestible totale,0,2004-05-19,2013-09-27
5460,750,total refuse,portion non comestible totale,0,2004-05-19,2013-10-03
5461,750,total refuse,portion non comestible totale,0,2004-05-19,2013-09-27
5477,750,total refuse,portion non comestible totale,0,2004-05-19,2013-09-27
5479,750,total refuse,portion non comestible totale,0,2004-05-19,2014-07-16
5481,750,total refuse,portion non comestible totale,0,2004-05-19,2013-05-21
5482,750,total refuse,portion non comestible totale,0,2004-06-04,2013-03-21
5488,750,total refuse,portion non comestible totale,0,2004-05-19,2014-07-16
5494,750,total refuse,portion non comestible totale,0,2004-05-03,2013-02-19
5500,750,total refuse,portion non comestible totale,0,2004-05-03,2013-02-19
5502,750,total refuse,portion non comestible totale,0,2004-05-19,2014-07-16
5506,750,total refuse,portion non comestible totale,0,2004-05-19,2013-05-21
5559,750,total refuse,portion non comestible totale,0,2004-05-03,2013-04-25
5564,750,total refuse,portion non comestible totale,0,2004-05-03,2013-02-19
5576,750,total refuse,portion non comestible totale,0,2004-05-27,2014-06-13
5581,750,total refuse,portion non comestible totale,0,2004-06-04,2013-03-21
5590,750,total refuse,portion non comestible totale,0,2004-06-04,2013-03-21
5594,750,total refuse,portion non comestible totale,0,2004-05-19,2014-06-12
5596,750,total refuse,portion non comestible totale,0,2004-06-04,2013-03-21
5621,750,total refuse,portion non comestible totale,0,2004-05-10,2014-04-11
5668,750,total refuse,portion non comestible totale,0,2004-05-19,2014-07-16
5670,750,total refuse,portion non comestible totale,0,2004-05-19,2013-09-27
5671,750,total refuse,portion non comestible totale,0,2004-05-19,2013-10-03
5672,750,total refuse,portion non comestible totale,0,2004-05-19,2014-07-16
5673,750,total refuse,portion non comestible totale,0,2004-05-19,2014-07-16
5676,750,total refuse,portion non comestible totale,0,2004-05-19,2014-07-16
5686,750,total refuse,portion non comestible totale,0,2004-05-19,2014-07-16
5688,750,total refuse,portion non comestible totale,0,2004-05-19,2013-10-03
5690,750,total refuse,portion non comestible totale,0,2004-05-19,2013-10-03
5695,750,total refuse,portion non comestible totale,0,2004-05-19,2013-09-27
5697,750,total refuse,portion non comestible totale,0,2004-05-19,2013-05-21
5700,750,total refuse,portion non comestible totale,0,2004-05-19,2014-06-26
5701,750,total refuse,portion non comestible totale,0,2004-05-19,2013-10-03
5703,750,total refuse,portion non comestible totale,0,2004-05-19,2013-05-21
5704,750,total refuse,portion non comestible totale,0,2004-05-19,2013-05-21
5756,750,total refuse,portion non comestible totale,0,2005-03-22,2015-01-14
5757,750,total refuse,portion non comestible totale,0,2005-03-22,2015-01-15
5941,750,total refuse,portion non comestible totale,0,2005-12-16,2013-10-24
5942,750,total refuse,portion non comestible totale,8.6,2006-06-22,2014-07-29
5947,750,total refuse,portion non comestible totale,7.5,2006-06-22,2014-08-14
5951,750,total refuse,portion non comestible totale,15.1,2006-06-22,2014-08-14
5953,750,total refuse,portion non comestible totale,21.4,2006-06-22,2014-08-14
5954,750,total refuse,portion non comestible totale,21.4,2006-06-22,2014-09-04
5985,750,total refuse,portion non comestible totale,7.4,2006-06-22,2014-08-14
5986,750,total refuse,portion non comestible totale,7.4,2006-06-22,2014-08-14
5987,750,total refuse,portion non comestible totale,7.4,2006-06-22,2014-08-14
5988,750,total refuse,portion non comestible totale,9.4,2006-06-22,2014-08-14
5992,750,total refuse,portion non comestible totale,8.6,2006-06-22,2014-09-04
5995,750,total refuse,portion non comestible totale,7.2,2006-06-22,2014-09-04
5998,750,total refuse,portion non comestible totale,8.2,2006-06-22,2014-08-14
6001,750,total refuse,portion non comestible totale,10.8,2006-06-22,2014-08-14
6003,750,total refuse,portion non comestible totale,0,2006-03-02,2015-01-15
6004,750,total refuse,portion non comestible totale,0,2006-03-07,2015-01-12
6005,750,total refuse,portion non comestible totale,0,2006-03-09,2015-01-14
6006,750,total refuse,portion non comestible totale,0,2006-03-09,2015-01-12
6007,750,total refuse,portion non comestible totale,0,2006-03-13,2015-01-12
6008,750,total refuse,portion non comestible totale,0,2006-03-13,2015-01-12
6009,750,total refuse,portion non comestible totale,0,2006-03-14,2015-01-14
6010,750,total refuse,portion non comestible totale,0,2006-03-14,2015-01-12
6011,750,total refuse,portion non comestible totale,0,2006-03-16,2015-01-12
6012,750,total refuse,portion non comestible totale,0,2006-03-21,2015-01-15
6013,750,total refuse,portion non comestible totale,0,2006-03-21,2015-01-12
6014,750,total refuse,portion non comestible totale,0,2006-03-22,2015-01-15
6015,750,total refuse,portion non comestible totale,0,2006-03-23,2015-01-12
6016,750,total refuse,portion non comestible totale,0,2006-03-23,2015-01-15
6017,750,total refuse,portion non comestible totale,0,2006-04-04,2015-01-15
6021,750,total refuse,portion non comestible totale,6,2006-06-22,2014-08-14
6024,750,total refuse,portion non comestible totale,6.8,2006-06-22,2014-08-14
6027,750,total refuse,portion non comestible totale,4.8,2006-06-22,2014-09-05
6030,750,total refuse,portion non comestible totale,6.7,2006-06-22,2014-09-05
6047,750,total refuse,portion non comestible totale,8,2006-06-22,2014-09-03
6051,750,total refuse,portion non comestible totale,0,2006-04-04,2015-01-12
6052,750,total refuse,portion non comestible totale,0,2006-04-04,2015-01-14
6053,750,total refuse,portion non comestible totale,0,2006-04-04,2015-01-12
6054,750,total refuse,portion non comestible totale,0,2006-04-04,2015-01-16
6055,750,total refuse,portion non comestible totale,0,2006-04-06,2015-01-12
6056,750,total refuse,portion non comestible totale,0,2006-04-06,2015-01-14
6057,750,total refuse,portion non comestible totale,0,2006-04-06,2015-01-14
6058,750,total refuse,portion non comestible totale,0,2006-04-10,2015-01-14
6059,750,total refuse,portion non comestible totale,0,2006-04-10,2015-01-12
6060,750,total refuse,portion non comestible totale,10.8,2006-06-22,2014-08-14
6063,750,total refuse,portion non comestible totale,9.9,2006-06-22,2014-08-14
6067,750,total refuse,portion non comestible totale,10.4,2006-06-22,2014-08-14
6070,750,total refuse,portion non comestible totale,9.4,2006-06-22,2014-08-14
6072,750,total refuse,portion non comestible totale,0,2006-04-11,2015-01-12
6073,750,total refuse,portion non comestible totale,0,2006-04-13,2015-01-12
6074,750,total refuse,portion non comestible totale,0,2006-04-13,2015-01-12
6075,750,total refuse,portion non comestible totale,0,2006-04-13,2015-01-14
6076,750,total refuse,portion non comestible totale,0,2006-04-13,2015-01-12
6077,750,total refuse,portion non comestible totale,19.7,2006-06-22,2014-09-05
6080,750,total refuse,portion non comestible totale,23.9,2006-06-22,2014-09-05
6083,750,total refuse,portion non comestible totale,13.3,2006-06-22,2014-09-05
6084,750,total refuse,portion non comestible totale,13.3,2006-06-22,2014-09-05
6085,750,total refuse,portion non comestible totale,13.3,2006-06-22,2014-09-05
6086,750,total refuse,portion non comestible totale,16.4,2006-06-22,2014-09-05
6087,750,total refuse,portion non comestible totale,16.4,2006-06-22,2014-09-05
6088,750,total refuse,portion non comestible totale,16.4,2006-06-22,2014-09-05
6096,750,total refuse,portion non comestible totale,7.3,2006-06-22,2014-08-14
6097,750,total refuse,portion non comestible totale,7.3,2006-06-22,2014-08-14
6099,750,total refuse,portion non comestible totale,9.9,2006-06-22,2014-08-14
6100,750,total refuse,portion non comestible totale,9.9,2006-06-22,2014-08-14
6101,750,total refuse,portion non comestible totale,9.3,2006-06-22,2014-08-27
6103,750,total refuse,portion non comestible totale,9.3,2006-06-22,2014-08-27
6104,750,total refuse,portion non comestible totale,14.5,2006-06-22,2014-08-27
6106,750,total refuse,portion non comestible totale,14.5,2006-06-22,2014-08-27
6113,750,total refuse,portion non comestible totale,25.4,2006-06-22,2014-08-27
6116,750,total refuse,portion non comestible totale,28.8,2006-06-22,2014-08-27
6124,750,total refuse,portion non comestible totale,7.2,2006-06-23,2014-08-27
6127,750,total refuse,portion non comestible totale,8.5,2006-06-23,2014-08-27
6130,750,total refuse,portion non comestible totale,5,2006-06-23,2014-08-27
6133,750,total refuse,portion non comestible totale,7,2006-06-23,2014-08-27
6135,750,total refuse,portion non comestible totale,8.3,2006-06-23,2014-08-27
6136,750,total refuse,portion non comestible totale,8.3,2006-06-23,2014-09-04
6138,750,total refuse,portion non comestible totale,9.5,2006-06-23,2014-08-27
6139,750,total refuse,portion non comestible totale,9.5,2006-06-23,2014-08-27
6141,750,total refuse,portion non comestible totale,7.2,2006-06-23,2014-09-03
6148,750,total refuse,portion non comestible totale,4.4,2006-06-23,2014-08-27
6151,750,total refuse,portion non comestible totale,6.3,2006-06-23,2014-08-27
6153,750,total refuse,portion non comestible totale,4.8,2006-06-23,2014-09-04
6154,750,total refuse,portion non comestible totale,4.8,2006-06-23,2014-09-04
6155,750,total refuse,portion non comestible totale,4.8,2006-06-23,2014-09-04
6157,750,total refuse,portion non comestible totale,4.7,2006-06-23,2014-08-27
6158,750,total refuse,portion non comestible totale,4.7,2006-06-23,2014-09-08
6163,750,total refuse,portion non comestible totale,0,2006-09-19,2014-09-29
6164,750,total refuse,portion non comestible totale,0,2006-09-19,2014-09-29
6165,750,total refuse,portion non comestible totale,0,2006-09-19,2014-09-29
6166,750,total refuse,portion non comestible totale,0,2006-09-19,2014-09-29
6167,750,total refuse,portion non comestible totale,0,2006-09-19,2014-09-29
6168,750,total refuse,portion non comestible totale,0,2006-09-19,2014-09-29
6170,750,total refuse,portion non comestible totale,0,2006-09-19,2014-09-29
6171,750,total refuse,portion non comestible totale,0,2006-09-19,2014-09-29
6173,750,total refuse,portion non comestible totale,0,2006-09-19,2014-09-29
6174,750,total refuse,portion non comestible totale,0,2006-09-19,2014-09-29
6241,750,total refuse,portion non comestible totale,0,2006-12-15,2015-04-29
6271,750,total refuse,portion non comestible totale,0,2006-12-13,2013-10-08
6272,750,total refuse,portion non comestible totale,0,2006-12-13,2013-10-08
6274,750,total refuse,portion non comestible totale,0,2006-12-15,2013-10-08
6277,750,total refuse,portion non comestible totale,0,2007-01-18,2013-10-24
6290,750,total refuse,portion non comestible totale,0,2007-06-28,2013-04-25
6293,750,total refuse,portion non comestible totale,0,2007-06-28,2013-04-25
6294,750,total refuse,portion non comestible totale,0,2007-08-08,2013-04-25
6295,750,total refuse,portion non comestible totale,0,2007-06-28,2013-04-25
6296,750,total refuse,portion non comestible totale,0,2007-06-28,2013-04-25
501504,750,total refuse,portion non comestible totale,0,2008-04-30,2015-01-16
501511,750,total refuse,portion non comestible totale,0,2008-06-24,2014-04-09
501512,750,total refuse,portion non comestible totale,0,2008-06-24,2014-04-09
501659,750,total refuse,portion non comestible totale,0,2009-04-22,2014-06-13
501856,750,total refuse,portion non comestible totale,0,2009-05-13,2015-05-06
501880,750,total refuse,portion non comestible totale,0,2009-05-22,2014-10-30
501881,750,total refuse,portion non comestible totale,0,2009-05-22,2014-10-30
501953,750,total refuse,portion non comestible totale,0,2009-06-17,2014-09-11
501955,750,total refuse,portion non comestible totale,0,2009-06-17,2014-09-11
501957,750,total refuse,portion non comestible totale,0,2009-06-18,2011-03-07
501995,750,total refuse,portion non comestible totale,0,2009-07-17,2013-04-03
502038,750,total refuse,portion non comestible totale,0,2009-11-10,2012-10-15
502045,750,total refuse,portion non comestible totale,0,2009-11-25,2011-03-04
502046,750,total refuse,portion non comestible totale,0,2009-11-25,2011-03-21
502047,750,total refuse,portion non comestible totale,0,2009-11-25,2011-03-21
502048,750,total refuse,portion non comestible totale,0,2009-11-25,2011-03-21
502049,750,total refuse,portion non comestible totale,0,2009-11-25,2014-09-11
502050,750,total refuse,portion non comestible totale,0,2009-11-25,2014-09-11
502054,750,total refuse,portion non comestible totale,0,2009-11-27,2014-09-11
502060,750,total refuse,portion non comestible totale,0,2009-12-03,2014-09-11
502061,750,total refuse,portion non comestible totale,0,2009-12-03,2014-02-03
,,,,,,
,,,,,,
,,,,,,
,,,,,,
,,,,,,
,,,,,,
,,,,,,
,,,,,,
,,,,,,
,,,,,,
,,,,,,
,,,,,,
,,,,,,
,,,,,,
,,,,,,
,,,,,,
,,,,,,
,,,,,,
,,,,,,
,,,,,,
,,,,,,
,,,,,,
,,,,,,
,,,,,,
,,,,,,
,,,,,,
,,,,,,
,,,,,,
,,,,,,
,,,,,,
,,,,,,
,,,,,,
,,,,,,
,,,,,,
,,,,,,
,,,,,,
,,,,,,
,,,,,,
,,,,,,
,,,,,,
,,,,,,
,,,,,,
,,,,,,
,,,,,,
,,,,,,
,,,,,,
,,,,,,
,,,,,,
,,,,,,
,,,,,,
,,,,,,
,,,,,,
,,,,,,
,,,,,,
,,,,,,
,,,,,,
,,,,,,
,,,,,,
,,,,,,
,,,,,,
,,,,,,
,,,,,,
,,,,,,
,,,,,,
,,,,,,
,,,,,,
,,,,,,
,,,,,,
,,,,,,
,,,,,,
,,,,,,
,,,,,,
,,,,,,
,,,,,,
,,,,,,
,,,,,,
,,,,,,
,,,,,,
,,,,,,
,,,,,,
